"word","Vogue","VS"
"60",0.00317460317460317,0.00675675675675676
"backstage",0.00317460317460317,0.00675675675675676
"butt",0.00317460317460317,0.00675675675675676
"david",0.00317460317460317,0.00675675675675676
"fittings",0.00317460317460317,0.00675675675675676
"it’s",0.00317460317460317,0.00675675675675676
"lima’s",0.00317460317460317,0.00675675675675676
"lip",0.00317460317460317,0.00675675675675676
"music",0.00317460317460317,0.00675675675675676
"official",0.00317460317460317,0.00675675675675676
"push",0.00317460317460317,0.00675675675675676
"social",0.00317460317460317,0.00675675675675676
"spring",0.00317460317460317,0.00675675675675676
"video",0.00317460317460317,0.00675675675675676
"baby",0.00634920634920635,0.00675675675675676
"class",0.00634920634920635,0.00675675675675676
"dance",0.00634920634920635,0.00675675675675676
"de",0.00634920634920635,0.00675675675675676
"hair",0.00634920634920635,0.00675675675675676
"here’s",0.00634920634920635,0.00675675675675676
"sampaio’s",0.00634920634920635,0.00675675675675676
"scenes",0.00634920634920635,0.00675675675675676
"stella",0.00634920634920635,0.00675675675675676
"aldridge",0.00952380952380952,0.00675675675675676
"lima",0.00952380952380952,0.00675675675675676
"models",0.00952380952380952,0.00675675675675676
"party",0.00952380952380952,0.00675675675675676
"trailer",0.00952380952380952,0.00675675675675676
"day",0.0126984126984127,0.00675675675675676
"master",0.0126984126984127,0.00675675675675676
"stories",0.0126984126984127,0.00675675675675676
"bella",0.019047619047619,0.00675675675675676
"makeup",0.0285714285714286,0.00675675675675676
"hadid",0.0349206349206349,0.00675675675675676
"101",NA,0.00675675675675676
"17",NA,0.00675675675675676
"2u",NA,0.00675675675675676
"action",NA,0.00675675675675676
"affair",NA,0.00675675675675676
"aldridge’s",NA,0.00675675675675676
"ale",NA,0.00675675675675676
"ambrosio",NA,0.00675675675675676
"ambrosio’s",NA,0.00675675675675676
"amman",NA,0.00675675675675676
"annual",NA,0.00675675675675676
"artisans",NA,0.00675675675675676
"award",NA,0.00675675675675676
"balmain’s",NA,0.00675675675675676
"bieber",NA,0.00675675675675676
"bling",NA,0.00675675675675676
"bralettes",NA,0.00675675675675676
"bras",NA,0.00675675675675676
"candice",NA,0.00675675675675676
"castings",NA,0.00675675675675676
"classical",NA,0.00675675675675676
"cotton",NA,0.00675675675675676
"countdown",NA,0.00675675675675676
"creating",NA,0.00675675675675676
"crush",NA,0.00675675675675676
"cut",NA,0.00675675675675676
"dare",NA,0.00675675675675676
"deal",NA,0.00675675675675676
"destination",NA,0.00675675675675676
"dublin",NA,0.00675675675675676
"festival",NA,0.00675675675675676
"flexibility",NA,0.00675675675675676
"focus",NA,0.00675675675675676
"football",NA,0.00675675675675676
"form",NA,0.00675675675675676
"global",NA,0.00675675675675676
"guetta",NA,0.00675675675675676
"healthy",NA,0.00675675675675676
"hill’s",NA,0.00675675675675676
"hosk’s",NA,0.00675675675675676
"hunt’s",NA,0.00675675675675676
"improve",NA,0.00675675675675676
"intel",NA,0.00675675675675676
"intense",NA,0.00675675675675676
"introducing",NA,0.00675675675675676
"joins",NA,0.00675675675675676
"joja",NA,0.00675675675675676
"justin",NA,0.00675675675675676
"lais",NA,0.00675675675675676
"land",NA,0.00675675675675676
"launch",NA,0.00675675675675676
"madison",NA,0.00675675675675676
"major",NA,0.00675675675675676
"march",NA,0.00675675675675676
"max",NA,0.00675675675675676
"maxwell",NA,0.00675675675675676
"means",NA,0.00675675675675676
"meet",NA,0.00675675675675676
"mind",NA,0.00675675675675676
"mist",NA,0.00675675675675676
"newman",NA,0.00675675675675676
"news",NA,0.00675675675675676
"nights",NA,0.00675675675675676
"nominated",NA,0.00675675675675676
"obsessed",NA,0.00675675675675676
"opera",NA,0.00675675675675676
"play",NA,0.00675675675675676
"plunge",NA,0.00675675675675676
"poland",NA,0.00675675675675676
"private",NA,0.00675675675675676
"promo",NA,0.00675675675675676
"quiz",NA,0.00675675675675676
"restore",NA,0.00675675675675676
"russia",NA,0.00675675675675676
"sadie",NA,0.00675675675675676
"sale",NA,0.00675675675675676
"sampaio",NA,0.00675675675675676
"santa",NA,0.00675675675675676
"sara’s",NA,0.00675675675675676
"score",NA,0.00675675675675676
"sculpture",NA,0.00675675675675676
"semi",NA,0.00675675675675676
"shanghai",NA,0.00675675675675676
"shortie",NA,0.00675675675675676
"showtime",NA,0.00675675675675676
"skriver’s",NA,0.00675675675675676
"spirit",NA,0.00675675675675676
"start",NA,0.00675675675675676
"strapless",NA,0.00675675675675676
"stream",NA,0.00675675675675676
"stress",NA,0.00675675675675676
"swanepoel",NA,0.00675675675675676
"sync",NA,0.00675675675675676
"time",NA,0.00675675675675676
"utendahl",NA,0.00675675675675676
"verite",NA,0.00675675675675676
"vote",NA,0.00675675675675676
"wax",NA,0.00675675675675676
"xo",NA,0.00675675675675676
"8",0.00317460317460317,0.0135135135135135
"beth",0.00317460317460317,0.0135135135135135
"coming",0.00317460317460317,0.0135135135135135
"media",0.00317460317460317,0.0135135135135135
"victoria's",0.00317460317460317,0.0135135135135135
"7",0.00634920634920635,0.0135135135135135
"balmain",0.00634920634920635,0.0135135135135135
"easy",0.00634920634920635,0.0135135135135135
"game",0.00634920634920635,0.0135135135135135
"jasmine",0.0126984126984127,0.0135135135135135
"tookes",0.0126984126984127,0.0135135135135135
"night",0.019047619047619,0.0135135135135135
"taylor",0.0222222222222222,0.0135135135135135
"wear",0.0222222222222222,0.0135135135135135
"paris",0.0349206349206349,0.0135135135135135
"ready",0.0888888888888889,0.0135135135135135
"30",NA,0.0135135135135135
"305",NA,0.0135135135135135
"4",NA,0.0135135135135135
"6",NA,0.0135135135135135
"anderson",NA,0.0135135135135135
"ballet",NA,0.0135135135135135
"china",NA,0.0135135135135135
"cooke",NA,0.0135135135135135
"dogpound",NA,0.0135135135135135
"friend",NA,0.0135135135135135
"january",NA,0.0135135135135135
"josephine",NA,0.0135135135135135
"martha",NA,0.0135135135135135
"scandalous",NA,0.0135135135135135
"singapore",NA,0.0135135135135135
"special",NA,0.0135135135135135
"stretch",NA,0.0135135135135135
"swim",NA,0.0135135135135135
"tracy",NA,0.0135135135135135
"2",0.00317460317460317,0.0202702702702703
"body",0.00317460317460317,0.0202702702702703
"hosk",0.00317460317460317,0.0202702702702703
"moves",0.00317460317460317,0.0202702702702703
"sara",0.00634920634920635,0.0202702702702703
"lily",0.00952380952380952,0.0202702702702703
"adriana",0.0158730158730159,0.0202702702702703
"5",0.019047619047619,0.0202702702702703
"2017",0.0349206349206349,0.0202702702702703
"alessandra",NA,0.0202702702702703
"beautiful",NA,0.0202702702702703
"bralette",NA,0.0202702702702703
"fitness",NA,0.0202702702702703
"illusions",NA,0.0202702702702703
"shirt",NA,0.0202702702702703
"summer",NA,0.0202702702702703
"dream",NA,0.027027027027027
"extended",NA,0.027027027027027
"interviews",NA,0.027027027027027
"online",NA,0.027027027027027
"secret’s",NA,0.027027027027027
"voices",NA,0.027027027027027
"vsxbalmain",NA,0.027027027027027
"elsa",0.00317460317460317,0.0337837837837838
"olivier",0.00317460317460317,0.0337837837837838
"real",0.00317460317460317,0.0337837837837838
"rousteing",0.00317460317460317,0.0337837837837838
"fantasy",0.00952380952380952,0.0337837837837838
"victoria",0.00952380952380952,0.0337837837837838
"1",NA,0.0337837837837838
"fragrance",NA,0.0337837837837838
"holiday",NA,0.0337837837837838
"3",0.0158730158730159,0.0405405405405405
"collection",NA,0.0405405405405405
"teaser",NA,0.0405405405405405
"live",NA,0.0472972972972973
"talk",NA,0.0472972972972973
"episode",NA,0.0540540540540541
"sport",NA,0.0540540540540541
"bra",0.00634920634920635,0.0608108108108108
"love",0.00634920634920635,0.0608108108108108
"train",0.00317460317460317,0.0743243243243243
"tv",NA,0.0878378378378378
"sexy",0.00317460317460317,0.0945945945945946
"road",NA,0.108108108108108
"runway",0.00634920634920635,0.114864864864865
"angels",0.00634920634920635,0.121621621621622
"angel",0.0126984126984127,0.121621621621622
"fashion",0.0952380952380952,0.182432432432432
"commercial",NA,0.256756756756757
"2016",0.0634920634920635,0.304054054054054
"secret",0.053968253968254,0.662162162162162
"victoria’s",0.0349206349206349,0.675675675675676
"100",0.00317460317460317,NA
"12",0.00317460317460317,NA
"141st",0.00317460317460317,NA
"15",0.00317460317460317,NA
"16",0.00317460317460317,NA
"1892",0.00317460317460317,NA
"19",0.00317460317460317,NA
"1900s",0.00317460317460317,NA
"1920s",0.00317460317460317,NA
"1930s",0.00317460317460317,NA
"1950s",0.00317460317460317,NA
"1960s",0.00317460317460317,NA
"1980s",0.00317460317460317,NA
"1s",0.00317460317460317,NA
"2019",0.00317460317460317,NA
"2050",0.00317460317460317,NA
"21",0.00317460317460317,NA
"22",0.00317460317460317,NA
"28",0.00317460317460317,NA
"32",0.00317460317460317,NA
"36",0.00317460317460317,NA
"45",0.00317460317460317,NA
"9",0.00317460317460317,NA
"adele",0.00317460317460317,NA
"adut",0.00317460317460317,NA
"age",0.00317460317460317,NA
"air",0.00317460317460317,NA
"airport",0.00317460317460317,NA
"akech's",0.00317460317460317,NA
"album",0.00317460317460317,NA
"alicia",0.00317460317460317,NA
"altschul",0.00317460317460317,NA
"aluna",0.00317460317460317,NA
"alunageorge",0.00317460317460317,NA
"amber",0.00317460317460317,NA
"amy",0.00317460317460317,NA
"andreea",0.00317460317460317,NA
"andy",0.00317460317460317,NA
"angelic",0.00317460317460317,NA
"angelina",0.00317460317460317,NA
"announces",0.00317460317460317,NA
"answers",0.00317460317460317,NA
"applies",0.00317460317460317,NA
"aquaria",0.00317460317460317,NA
"ari",0.00317460317460317,NA
"ariana",0.00317460317460317,NA
"arnold’s",0.00317460317460317,NA
"art",0.00317460317460317,NA
"artist",0.00317460317460317,NA
"artistic",0.00317460317460317,NA
"ashton",0.00317460317460317,NA
"aspirations",0.00317460317460317,NA
"avant",0.00317460317460317,NA
"bada",0.00317460317460317,NA
"bag",0.00317460317460317,NA
"baldwin",0.00317460317460317,NA
"baldwin’s",0.00317460317460317,NA
"ball",0.00317460317460317,NA
"band",0.00317460317460317,NA
"bar",0.00317460317460317,NA
"barrymore’s",0.00317460317460317,NA
"bathing",0.00317460317460317,NA
"beaded",0.00317460317460317,NA
"bean",0.00317460317460317,NA
"beckham",0.00317460317460317,NA
"bedtime",0.00317460317460317,NA
"bejeweled",0.00317460317460317,NA
"bennett",0.00317460317460317,NA
"benton",0.00317460317460317,NA
"bergdorf",0.00317460317460317,NA
"beyoncé",0.00317460317460317,NA
"bffs",0.00317460317460317,NA
"biles",0.00317460317460317,NA
"bitches",0.00317460317460317,NA
"bite",0.00317460317460317,NA
"blake",0.00317460317460317,NA
"blesses",0.00317460317460317,NA
"blue",0.00317460317460317,NA
"bodegas",0.00317460317460317,NA
"bold",0.00317460317460317,NA
"bootylicious",0.00317460317460317,NA
"boundary",0.00317460317460317,NA
"bowie",0.00317460317460317,NA
"boy",0.00317460317460317,NA
"boyfriend",0.00317460317460317,NA
"boyfriend’s",0.00317460317460317,NA
"braided",0.00317460317460317,NA
"branded",0.00317460317460317,NA
"brannon",0.00317460317460317,NA
"brazilian",0.00317460317460317,NA
"breakup",0.00317460317460317,NA
"bria",0.00317460317460317,NA
"brighton",0.00317460317460317,NA
"bringing",0.00317460317460317,NA
"brit",0.00317460317460317,NA
"british",0.00317460317460317,NA
"broadway",0.00317460317460317,NA
"brooke",0.00317460317460317,NA
"brooklyn",0.00317460317460317,NA
"browning",0.00317460317460317,NA
"brows",0.00317460317460317,NA
"bruna's",0.00317460317460317,NA
"bts",0.00317460317460317,NA
"bus",0.00317460317460317,NA
"cabello",0.00317460317460317,NA
"california",0.00317460317460317,NA
"cam",0.00317460317460317,NA
"camila",0.00317460317460317,NA
"cannes",0.00317460317460317,NA
"cape",0.00317460317460317,NA
"captured",0.00317460317460317,NA
"care",0.00317460317460317,NA
"carlotta",0.00317460317460317,NA
"carmen",0.00317460317460317,NA
"carolina",0.00317460317460317,NA
"caroline",0.00317460317460317,NA
"cassie’s",0.00317460317460317,NA
"catholicism",0.00317460317460317,NA
"cazzie",0.00317460317460317,NA
"ceiling",0.00317460317460317,NA
"celebrities",0.00317460317460317,NA
"cfda",0.00317460317460317,NA
"chaka",0.00317460317460317,NA
"changing",0.00317460317460317,NA
"chapel",0.00317460317460317,NA
"charm’s",0.00317460317460317,NA
"cheetos",0.00317460317460317,NA
"chicago",0.00317460317460317,NA
"chicano",0.00317460317460317,NA
"chloë",0.00317460317460317,NA
"choices",0.00317460317460317,NA
"chrome",0.00317460317460317,NA
"ciara",0.00317460317460317,NA
"ciara’s",0.00317460317460317,NA
"clarke",0.00317460317460317,NA
"cleaning",0.00317460317460317,NA
"clip",0.00317460317460317,NA
"clothing",0.00317460317460317,NA
"club",0.00317460317460317,NA
"clubs",0.00317460317460317,NA
"cocktail",0.00317460317460317,NA
"cocktails",0.00317460317460317,NA
"cohen",0.00317460317460317,NA
"columnist's",0.00317460317460317,NA
"combats",0.00317460317460317,NA
"confidence",0.00317460317460317,NA
"content",0.00317460317460317,NA
"contestants",0.00317460317460317,NA
"contouring",0.00317460317460317,NA
"coolest",0.00317460317460317,NA
"cosmetic",0.00317460317460317,NA
"couple",0.00317460317460317,NA
"courtesy",0.00317460317460317,NA
"couture",0.00317460317460317,NA
"cover",0.00317460317460317,NA
"covered",0.00317460317460317,NA
"covers",0.00317460317460317,NA
"cozy",0.00317460317460317,NA
"craig",0.00317460317460317,NA
"creator",0.00317460317460317,NA
"creator’s",0.00317460317460317,NA
"crystals",0.00317460317460317,NA
"cuoco’s",0.00317460317460317,NA
"curl",0.00317460317460317,NA
"cynthia",0.00317460317460317,NA
"cyrus",0.00317460317460317,NA
"daisy",0.00317460317460317,NA
"dakota",0.00317460317460317,NA
"dancers",0.00317460317460317,NA
"dances",0.00317460317460317,NA
"dancing",0.00317460317460317,NA
"dark",0.00317460317460317,NA
"daryl",0.00317460317460317,NA
"dating",0.00317460317460317,NA
"david’s",0.00317460317460317,NA
"days",0.00317460317460317,NA
"daytime",0.00317460317460317,NA
"dear",0.00317460317460317,NA
"debuts",0.00317460317460317,NA
"decide",0.00317460317460317,NA
"define",0.00317460317460317,NA
"defying",0.00317460317460317,NA
"degrees",0.00317460317460317,NA
"del",0.00317460317460317,NA
"demi",0.00317460317460317,NA
"denée",0.00317460317460317,NA
"derek",0.00317460317460317,NA
"designed",0.00317460317460317,NA
"designs",0.00317460317460317,NA
"detox",0.00317460317460317,NA
"diaconu",0.00317460317460317,NA
"diaz",0.00317460317460317,NA
"diner",0.00317460317460317,NA
"dion",0.00317460317460317,NA
"dion’s",0.00317460317460317,NA
"director",0.00317460317460317,NA
"discuss",0.00317460317460317,NA
"ditto",0.00317460317460317,NA
"diva",0.00317460317460317,NA
"divine",0.00317460317460317,NA
"diy",0.00317460317460317,NA
"documentary",0.00317460317460317,NA
"dog",0.00317460317460317,NA
"dolan",0.00317460317460317,NA
"donald",0.00317460317460317,NA
"donatella",0.00317460317460317,NA
"door",0.00317460317460317,NA
"dose",0.00317460317460317,NA
"dreams",0.00317460317460317,NA
"dree",0.00317460317460317,NA
"drew",0.00317460317460317,NA
"dsquared2",0.00317460317460317,NA
"dunn",0.00317460317460317,NA
"eating",0.00317460317460317,NA
"eaton",0.00317460317460317,NA
"efron",0.00317460317460317,NA
"egyptian",0.00317460317460317,NA
"elba",0.00317460317460317,NA
"electra's",0.00317460317460317,NA
"elle",0.00317460317460317,NA
"ellis",0.00317460317460317,NA
"elsesser’s",0.00317460317460317,NA
"emilia",0.00317460317460317,NA
"emily",0.00317460317460317,NA
"endings",0.00317460317460317,NA
"ensembles",0.00317460317460317,NA
"epic",0.00317460317460317,NA
"erika",0.00317460317460317,NA
"erivo",0.00317460317460317,NA
"esther",0.00317460317460317,NA
"eurydice",0.00317460317460317,NA
"existential",0.00317460317460317,NA
"expectations",0.00317460317460317,NA
"expects",0.00317460317460317,NA
"explains",0.00317460317460317,NA
"explores",0.00317460317460317,NA
"eye's",0.00317460317460317,NA
"eyebrows",0.00317460317460317,NA
"eyeliner",0.00317460317460317,NA
"eyes",0.00317460317460317,NA
"eyeshadow",0.00317460317460317,NA
"fabulous",0.00317460317460317,NA
"faced",0.00317460317460317,NA
"failed",0.00317460317460317,NA
"fairy",0.00317460317460317,NA
"faith",0.00317460317460317,NA
"faking",0.00317460317460317,NA
"fame",0.00317460317460317,NA
"fan",0.00317460317460317,NA
"fanning's",0.00317460317460317,NA
"farm",0.00317460317460317,NA
"favorite",0.00317460317460317,NA
"feel",0.00317460317460317,NA
"fencing",0.00317460317460317,NA
"fendi",0.00317460317460317,NA
"fenty",0.00317460317460317,NA
"fights",0.00317460317460317,NA
"film",0.00317460317460317,NA
"fitspiration",0.00317460317460317,NA
"fitting",0.00317460317460317,NA
"flag",0.00317460317460317,NA
"flirting",0.00317460317460317,NA
"florida",0.00317460317460317,NA
"fontana",0.00317460317460317,NA
"force",0.00317460317460317,NA
"francis",0.00317460317460317,NA
"fresh",0.00317460317460317,NA
"front",0.00317460317460317,NA
"futuristic",0.00317460317460317,NA
"gala’s",0.00317460317460317,NA
"garde",0.00317460317460317,NA
"genius",0.00317460317460317,NA
"ghosting",0.00317460317460317,NA
"gillian",0.00317460317460317,NA
"gina",0.00317460317460317,NA
"girlfriend",0.00317460317460317,NA
"givenchy",0.00317460317460317,NA
"giving",0.00317460317460317,NA
"glitter",0.00317460317460317,NA
"globes",0.00317460317460317,NA
"glover",0.00317460317460317,NA
"glow",0.00317460317460317,NA
"golden",0.00317460317460317,NA
"goulart’s",0.00317460317460317,NA
"graham's",0.00317460317460317,NA
"grammys",0.00317460317460317,NA
"grand",0.00317460317460317,NA
"grande",0.00317460317460317,NA
"graynor",0.00317460317460317,NA
"gucci",0.00317460317460317,NA
"guru",0.00317460317460317,NA
"gwyneth",0.00317460317460317,NA
"haddish",0.00317460317460317,NA
"hades",0.00317460317460317,NA
"hadid's",0.00317460317460317,NA
"haim",0.00317460317460317,NA
"halloween",0.00317460317460317,NA
"halo",0.00317460317460317,NA
"hang",0.00317460317460317,NA
"happy",0.00317460317460317,NA
"hari",0.00317460317460317,NA
"harris",0.00317460317460317,NA
"hartzel",0.00317460317460317,NA
"hartzel’s",0.00317460317460317,NA
"hates",0.00317460317460317,NA
"hating",0.00317460317460317,NA
"headlining",0.00317460317460317,NA
"helen",0.00317460317460317,NA
"helicopter",0.00317460317460317,NA
"hemingway’s",0.00317460317460317,NA
"hennessy",0.00317460317460317,NA
"highlight",0.00317460317460317,NA
"hilfiger",0.00317460317460317,NA
"hippie",0.00317460317460317,NA
"history",0.00317460317460317,NA
"homer",0.00317460317460317,NA
"hosting",0.00317460317460317,NA
"hoyeon",0.00317460317460317,NA
"husband",0.00317460317460317,NA
"hyojoo",0.00317460317460317,NA
"i’ve",0.00317460317460317,NA
"idris",0.00317460317460317,NA
"ii",0.00317460317460317,NA
"imagines",0.00317460317460317,NA
"included",0.00317460317460317,NA
"ingredient",0.00317460317460317,NA
"interning",0.00317460317460317,NA
"intricate",0.00317460317460317,NA
"irene",0.00317460317460317,NA
"irina",0.00317460317460317,NA
"isabeli",0.00317460317460317,NA
"izabel",0.00317460317460317,NA
"jacobs",0.00317460317460317,NA
"jam",0.00317460317460317,NA
"japanese",0.00317460317460317,NA
"jared",0.00317460317460317,NA
"jayne",0.00317460317460317,NA
"jenner's",0.00317460317460317,NA
"jennifer",0.00317460317460317,NA
"joan",0.00317460317460317,NA
"joey",0.00317460317460317,NA
"johnson",0.00317460317460317,NA
"jokes",0.00317460317460317,NA
"jolie",0.00317460317460317,NA
"jonathan",0.00317460317460317,NA
"jorja",0.00317460317460317,NA
"jourdan",0.00317460317460317,NA
"journey",0.00317460317460317,NA
"judges",0.00317460317460317,NA
"jung’s",0.00317460317460317,NA
"kaley",0.00317460317460317,NA
"kali",0.00317460317460317,NA
"kaluuya",0.00317460317460317,NA
"karaoke",0.00317460317460317,NA
"kardashian's",0.00317460317460317,NA
"karl",0.00317460317460317,NA
"karley",0.00317460317460317,NA
"kate",0.00317460317460317,NA
"kennel",0.00317460317460317,NA
"kenya",0.00317460317460317,NA
"khalifa",0.00317460317460317,NA
"khan’s",0.00317460317460317,NA
"khloé",0.00317460317460317,NA
"kicked",0.00317460317460317,NA
"kicking",0.00317460317460317,NA
"killer",0.00317460317460317,NA
"kim’s",0.00317460317460317,NA
"kirke's",0.00317460317460317,NA
"kisses",0.00317460317460317,NA
"knocking",0.00317460317460317,NA
"knuckles",0.00317460317460317,NA
"ko",0.00317460317460317,NA
"kohl's",0.00317460317460317,NA
"kondo",0.00317460317460317,NA
"l.a",0.00317460317460317,NA
"la",0.00317460317460317,NA
"lag",0.00317460317460317,NA
"lagged",0.00317460317460317,NA
"lana",0.00317460317460317,NA
"lane",0.00317460317460317,NA
"lanka",0.00317460317460317,NA
"lawrence’s",0.00317460317460317,NA
"learn",0.00317460317460317,NA
"learned",0.00317460317460317,NA
"legs",0.00317460317460317,NA
"lemonade",0.00317460317460317,NA
"leto",0.00317460317460317,NA
"lively",0.00317460317460317,NA
"living",0.00317460317460317,NA
"lizzo’s",0.00317460317460317,NA
"local’s",0.00317460317460317,NA
"logan",0.00317460317460317,NA
"lola",0.00317460317460317,NA
"london",0.00317460317460317,NA
"longboarder",0.00317460317460317,NA
"lovato",0.00317460317460317,NA
"loves",0.00317460317460317,NA
"loving",0.00317460317460317,NA
"lucky",0.00317460317460317,NA
"madonna",0.00317460317460317,NA
"maigret",0.00317460317460317,NA
"makeover",0.00317460317460317,NA
"makes",0.00317460317460317,NA
"manhattan",0.00317460317460317,NA
"margaret",0.00317460317460317,NA
"margot",0.00317460317460317,NA
"marie",0.00317460317460317,NA
"maroulis",0.00317460317460317,NA
"marshall",0.00317460317460317,NA
"matching",0.00317460317460317,NA
"maternity",0.00317460317460317,NA
"matrix",0.00317460317460317,NA
"maxine",0.00317460317460317,NA
"mcdonald's",0.00317460317460317,NA
"mcgrath’s",0.00317460317460317,NA
"meaning",0.00317460317460317,NA
"meditation",0.00317460317460317,NA
"memories",0.00317460317460317,NA
"mendes",0.00317460317460317,NA
"meryl",0.00317460317460317,NA
"mickalene",0.00317460317460317,NA
"miley",0.00317460317460317,NA
"minaj",0.00317460317460317,NA
"mindfulness",0.00317460317460317,NA
"minogue",0.00317460317460317,NA
"minutes",0.00317460317460317,NA
"mojo",0.00317460317460317,NA
"monday",0.00317460317460317,NA
"months",0.00317460317460317,NA
"moody",0.00317460317460317,NA
"morning",0.00317460317460317,NA
"movie",0.00317460317460317,NA
"movies",0.00317460317460317,NA
"mullen",0.00317460317460317,NA
"museum",0.00317460317460317,NA
"musical",0.00317460317460317,NA
"mv",0.00317460317460317,NA
"mystery",0.00317460317460317,NA
"myth",0.00317460317460317,NA
"naïm",0.00317460317460317,NA
"naomi",0.00317460317460317,NA
"natalia",0.00317460317460317,NA
"natasha",0.00317460317460317,NA
"natural",0.00317460317460317,NA
"nef's",0.00317460317460317,NA
"negga’s",0.00317460317460317,NA
"neil",0.00317460317460317,NA
"ness",0.00317460317460317,NA
"newton",0.00317460317460317,NA
"nfl",0.00317460317460317,NA
"nicki",0.00317460317460317,NA
"nina",0.00317460317460317,NA
"nyong'o",0.00317460317460317,NA
"obsession",0.00317460317460317,NA
"ocean's",0.00317460317460317,NA
"office",0.00317460317460317,NA
"ogling",0.00317460317460317,NA
"olympic",0.00317460317460317,NA
"organizing",0.00317460317460317,NA
"orpheus",0.00317460317460317,NA
"oscar",0.00317460317460317,NA
"outdoors",0.00317460317460317,NA
"outfits",0.00317460317460317,NA
"pack",0.00317460317460317,NA
"paloma",0.00317460317460317,NA
"paltrow’s",0.00317460317460317,NA
"panda",0.00317460317460317,NA
"panties",0.00317460317460317,NA
"parents",0.00317460317460317,NA
"parisian",0.00317460317460317,NA
"pat",0.00317460317460317,NA
"patricia",0.00317460317460317,NA
"patrick",0.00317460317460317,NA
"pb",0.00317460317460317,NA
"pearl",0.00317460317460317,NA
"people’s",0.00317460317460317,NA
"perform",0.00317460317460317,NA
"performing",0.00317460317460317,NA
"performs",0.00317460317460317,NA
"perry’s",0.00317460317460317,NA
"petition",0.00317460317460317,NA
"pharrell",0.00317460317460317,NA
"photo",0.00317460317460317,NA
"pitch",0.00317460317460317,NA
"pivotal",0.00317460317460317,NA
"pizza",0.00317460317460317,NA
"poly's",0.00317460317460317,NA
"posen",0.00317460317460317,NA
"posse",0.00317460317460317,NA
"post",0.00317460317460317,NA
"posts",0.00317460317460317,NA
"pound",0.00317460317460317,NA
"pranks",0.00317460317460317,NA
"preforms",0.00317460317460317,NA
"pregnant",0.00317460317460317,NA
"pro",0.00317460317460317,NA
"procedures",0.00317460317460317,NA
"process",0.00317460317460317,NA
"products",0.00317460317460317,NA
"project’s",0.00317460317460317,NA
"psychology",0.00317460317460317,NA
"psychotically",0.00317460317460317,NA
"public",0.00317460317460317,NA
"pulls",0.00317460317460317,NA
"puma",0.00317460317460317,NA
"punky",0.00317460317460317,NA
"pushing",0.00317460317460317,NA
"queen",0.00317460317460317,NA
"queens",0.00317460317460317,NA
"queer",0.00317460317460317,NA
"rainbow",0.00317460317460317,NA
"raps",0.00317460317460317,NA
"raspberry",0.00317460317460317,NA
"ratajkowski’s",0.00317460317460317,NA
"reality",0.00317460317460317,NA
"refresh",0.00317460317460317,NA
"reindeer",0.00317460317460317,NA
"reinhart",0.00317460317460317,NA
"reinhart's",0.00317460317460317,NA
"religious",0.00317460317460317,NA
"removes",0.00317460317460317,NA
"renta",0.00317460317460317,NA
"reveal",0.00317460317460317,NA
"rewrites",0.00317460317460317,NA
"rey",0.00317460317460317,NA
"rhobh's",0.00317460317460317,NA
"ride",0.00317460317460317,NA
"ridley",0.00317460317460317,NA
"rihanna's",0.00317460317460317,NA
"rio",0.00317460317460317,NA
"riverdale",0.00317460317460317,NA
"robbie’s",0.00317460317460317,NA
"rock",0.00317460317460317,NA
"rodney",0.00317460317460317,NA
"rodriguez",0.00317460317460317,NA
"rolls",0.00317460317460317,NA
"romance",0.00317460317460317,NA
"ross",0.00317460317460317,NA
"rothe's",0.00317460317460317,NA
"row",0.00317460317460317,NA
"ruth",0.00317460317460317,NA
"sandwich",0.00317460317460317,NA
"savage",0.00317460317460317,NA
"school",0.00317460317460317,NA
"schumer",0.00317460317460317,NA
"sciortino",0.00317460317460317,NA
"scott",0.00317460317460317,NA
"scott’s",0.00317460317460317,NA
"selfie",0.00317460317460317,NA
"selfies",0.00317460317460317,NA
"seoul",0.00317460317460317,NA
"september",0.00317460317460317,NA
"series",0.00317460317460317,NA
"sevigny",0.00317460317460317,NA
"sewn",0.00317460317460317,NA
"sex",0.00317460317460317,NA
"shaking",0.00317460317460317,NA
"shawn",0.00317460317460317,NA
"shayk",0.00317460317460317,NA
"shayne",0.00317460317460317,NA
"shields",0.00317460317460317,NA
"shop",0.00317460317460317,NA
"shops",0.00317460317460317,NA
"singh",0.00317460317460317,NA
"singh's",0.00317460317460317,NA
"sistine",0.00317460317460317,NA
"sivan",0.00317460317460317,NA
"sivan’s",0.00317460317460317,NA
"slam",0.00317460317460317,NA
"smalls",0.00317460317460317,NA
"smoothie",0.00317460317460317,NA
"sober",0.00317460317460317,NA
"soko’s",0.00317460317460317,NA
"solange",0.00317460317460317,NA
"soul",0.00317460317460317,NA
"sounds",0.00317460317460317,NA
"south",0.00317460317460317,NA
"southern",0.00317460317460317,NA
"spectacular",0.00317460317460317,NA
"sporty",0.00317460317460317,NA
"springs",0.00317460317460317,NA
"sri",0.00317460317460317,NA
"staying",0.00317460317460317,NA
"stick",0.00317460317460317,NA
"streep",0.00317460317460317,NA
"street",0.00317460317460317,NA
"sudanese",0.00317460317460317,NA
"sui's",0.00317460317460317,NA
"suki",0.00317460317460317,NA
"sun",0.00317460317460317,NA
"sunflower",0.00317460317460317,NA
"supermodel’s",0.00317460317460317,NA
"supermodels",0.00317460317460317,NA
"superstars",0.00317460317460317,NA
"surprise",0.00317460317460317,NA
"survival",0.00317460317460317,NA
"survive",0.00317460317460317,NA
"sustainable",0.00317460317460317,NA
"swap",0.00317460317460317,NA
"swift",0.00317460317460317,NA
"sxsw",0.00317460317460317,NA
"taco",0.00317460317460317,NA
"tale",0.00317460317460317,NA
"taylor’s",0.00317460317460317,NA
"tears",0.00317460317460317,NA
"tempting",0.00317460317460317,NA
"themes",0.00317460317460317,NA
"thomas",0.00317460317460317,NA
"thorne",0.00317460317460317,NA
"thrones",0.00317460317460317,NA
"throwback",0.00317460317460317,NA
"throwing",0.00317460317460317,NA
"tiffany",0.00317460317460317,NA
"tinashe",0.00317460317460317,NA
"tipper",0.00317460317460317,NA
"tommy",0.00317460317460317,NA
"tone",0.00317460317460317,NA
"tough",0.00317460317460317,NA
"townhouse",0.00317460317460317,NA
"tracee",0.00317460317460317,NA
"transatlantic",0.00317460317460317,NA
"trapped",0.00317460317460317,NA
"trends",0.00317460317460317,NA
"tricks",0.00317460317460317,NA
"twinning",0.00317460317460317,NA
"uchis",0.00317460317460317,NA
"unexpected",0.00317460317460317,NA
"unfiltered",0.00317460317460317,NA
"unidentified",0.00317460317460317,NA
"unironically",0.00317460317460317,NA
"unlike",0.00317460317460317,NA
"ups",0.00317460317460317,NA
"upton",0.00317460317460317,NA
"valentina",0.00317460317460317,NA
"valletta",0.00317460317460317,NA
"van",0.00317460317460317,NA
"vegemite",0.00317460317460317,NA
"veil",0.00317460317460317,NA
"venus",0.00317460317460317,NA
"verse",0.00317460317460317,NA
"vikander",0.00317460317460317,NA
"vinaite",0.00317460317460317,NA
"visits",0.00317460317460317,NA
"vodianova",0.00317460317460317,NA
"vogueing",0.00317460317460317,NA
"waithe",0.00317460317460317,NA
"wall",0.00317460317460317,NA
"wang",0.00317460317460317,NA
"wang's",0.00317460317460317,NA
"wang’s",0.00317460317460317,NA
"watanabe’s",0.00317460317460317,NA
"waterhouse’s",0.00317460317460317,NA
"wave",0.00317460317460317,NA
"west’s",0.00317460317460317,NA
"westminster",0.00317460317460317,NA
"what’s",0.00317460317460317,NA
"whirlwind",0.00317460317460317,NA
"white",0.00317460317460317,NA
"whiteley's",0.00317460317460317,NA
"williams’s",0.00317460317460317,NA
"willow",0.00317460317460317,NA
"wings",0.00317460317460317,NA
"wiz",0.00317460317460317,NA
"wolf",0.00317460317460317,NA
"woman",0.00317460317460317,NA
"woods",0.00317460317460317,NA
"woods’s",0.00317460317460317,NA
"workin",0.00317460317460317,NA
"world",0.00317460317460317,NA
"wrestler",0.00317460317460317,NA
"xavier",0.00317460317460317,NA
"yael",0.00317460317460317,NA
"yanis",0.00317460317460317,NA
"yeezy",0.00317460317460317,NA
"zoolander",0.00317460317460317,NA
"alexander",0.00634920634920635,NA
"america",0.00634920634920635,NA
"american",0.00634920634920635,NA
"angeles",0.00634920634920635,NA
"ansari",0.00634920634920635,NA
"aziz",0.00634920634920635,NA
"bad",0.00634920634920635,NA
"beach",0.00634920634920635,NA
"beckham’s",0.00634920634920635,NA
"bombshell",0.00634920634920635,NA
"brady",0.00634920634920635,NA
"breaks",0.00634920634920635,NA
"bündchen",0.00634920634920635,NA
"cameron",0.00634920634920635,NA
"cami",0.00634920634920635,NA
"camille",0.00634920634920635,NA
"cassie",0.00634920634920635,NA
"céline",0.00634920634920635,NA
"chrissy",0.00634920634920635,NA
"city",0.00634920634920635,NA
"cl",0.00634920634920635,NA
"coachella",0.00634920634920635,NA
"cole",0.00634920634920635,NA
"collections",0.00634920634920635,NA
"corden",0.00634920634920635,NA
"create",0.00634920634920635,NA
"creative",0.00634920634920635,NA
"creativity",0.00634920634920635,NA
"dallas",0.00634920634920635,NA
"daniel",0.00634920634920635,NA
"denim",0.00634920634920635,NA
"desiigner",0.00634920634920635,NA
"drag",0.00634920634920635,NA
"dunham",0.00634920634920635,NA
"earth",0.00634920634920635,NA
"easier",0.00634920634920635,NA
"emma",0.00634920634920635,NA
"ep",0.00634920634920635,NA
"family",0.00634920634920635,NA
"fei",0.00634920634920635,NA
"final",0.00634920634920635,NA
"finalists",0.00634920634920635,NA
"found",0.00634920634920635,NA
"ft",0.00634920634920635,NA
"fund",0.00634920634920635,NA
"furstenberg",0.00634920634920635,NA
"future",0.00634920634920635,NA
"gerber’s",0.00634920634920635,NA
"gisele",0.00634920634920635,NA
"grace",0.00634920634920635,NA
"hadid’s",0.00634920634920635,NA
"hailey",0.00634920634920635,NA
"headpiece",0.00634920634920635,NA
"instagram",0.00634920634920635,NA
"issa",0.00634920634920635,NA
"jackson",0.00634920634920635,NA
"jaden",0.00634920634920635,NA
"james",0.00634920634920635,NA
"jet",0.00634920634920635,NA
"jonas",0.00634920634920635,NA
"jordyn",0.00634920634920635,NA
"jung",0.00634920634920635,NA
"kaia",0.00634920634920635,NA
"kanye",0.00634920634920635,NA
"kardashian",0.00634920634920635,NA
"karlie",0.00634920634920635,NA
"kerr’s",0.00634920634920635,NA
"kim",0.00634920634920635,NA
"kloss",0.00634920634920635,NA
"korean",0.00634920634920635,NA
"life",0.00634920634920635,NA
"lili",0.00634920634920635,NA
"lilly",0.00634920634920635,NA
"lips",0.00634920634920635,NA
"los",0.00634920634920635,NA
"magic",0.00634920634920635,NA
"malik",0.00634920634920635,NA
"mccartney",0.00634920634920635,NA
"meets",0.00634920634920635,NA
"michelle",0.00634920634920635,NA
"migos",0.00634920634920635,NA
"moment",0.00634920634920635,NA
"morrone",0.00634920634920635,NA
"nick",0.00634920634920635,NA
"nyong’o",0.00634920634920635,NA
"olympian",0.00634920634920635,NA
"ora",0.00634920634920635,NA
"race",0.00634920634920635,NA
"rae",0.00634920634920635,NA
"rita",0.00634920634920635,NA
"ritual",0.00634920634920635,NA
"rowe",0.00634920634920635,NA
"rules",0.00634920634920635,NA
"rupaul’s",0.00634920634920635,NA
"serena",0.00634920634920635,NA
"set",0.00634920634920635,NA
"share",0.00634920634920635,NA
"simone",0.00634920634920635,NA
"singer",0.00634920634920635,NA
"sprouse",0.00634920634920635,NA
"steps",0.00634920634920635,NA
"stone",0.00634920634920635,NA
"suit",0.00634920634920635,NA
"suits",0.00634920634920635,NA
"talks",0.00634920634920635,NA
"teaches",0.00634920634920635,NA
"teigen",0.00634920634920635,NA
"tom",0.00634920634920635,NA
"top",0.00634920634920635,NA
"trick",0.00634920634920635,NA
"troye",0.00634920634920635,NA
"tyler",0.00634920634920635,NA
"versace",0.00634920634920635,NA
"von",0.00634920634920635,NA
"walk",0.00634920634920635,NA
"week’s",0.00634920634920635,NA
"wellness",0.00634920634920635,NA
"west",0.00634920634920635,NA
"whiteley",0.00634920634920635,NA
"winner",0.00634920634920635,NA
"worst",0.00634920634920635,NA
"you’ve",0.00634920634920635,NA
"zac",0.00634920634920635,NA
"zayn",0.00634920634920635,NA
"zendaya",0.00634920634920635,NA
"10",0.00952380952380952,NA
"actress",0.00952380952380952,NA
"adventure",0.00952380952380952,NA
"bed",0.00952380952380952,NA
"cardi",0.00952380952380952,NA
"carpet",0.00952380952380952,NA
"cat",0.00952380952380952,NA
"changed",0.00952380952380952,NA
"combs",0.00952380952380952,NA
"crawford",0.00952380952380952,NA
"diane",0.00952380952380952,NA
"french",0.00952380952380952,NA
"home",0.00952380952380952,NA
"huntington",0.00952380952380952,NA
"jordan",0.00952380952380952,NA
"kerr",0.00952380952380952,NA
"lena",0.00952380952380952,NA
"lupita",0.00952380952380952,NA
"michael",0.00952380952380952,NA
"minute",0.00952380952380952,NA
"nyfw",0.00952380952380952,NA
"perry",0.00952380952380952,NA
"pop",0.00952380952380952,NA
"pre",0.00952380952380952,NA
"prep",0.00952380952380952,NA
"pride",0.00952380952380952,NA
"red",0.00952380952380952,NA
"reveals",0.00952380952380952,NA
"rosie",0.00952380952380952,NA
"sean",0.00952380952380952,NA
"season",0.00952380952380952,NA
"shares",0.00952380952380952,NA
"shoot",0.00952380952380952,NA
"sleepover",0.00952380952380952,NA
"smoky",0.00952380952380952,NA
"studio",0.00952380952380952,NA
"style",0.00952380952380952,NA
"teyana",0.00952380952380952,NA
"travis",0.00952380952380952,NA
"vogue’s",0.00952380952380952,NA
"walking",0.00952380952380952,NA
"wedding",0.00952380952380952,NA
"williams",0.00952380952380952,NA
"women",0.00952380952380952,NA
"chopra",0.0126984126984127,NA
"cindy",0.0126984126984127,NA
"diddy",0.0126984126984127,NA
"gomez",0.0126984126984127,NA
"hill",0.0126984126984127,NA
"house",0.0126984126984127,NA
"inspired",0.0126984126984127,NA
"katy",0.0126984126984127,NA
"kylie",0.0126984126984127,NA
"lives",0.0126984126984127,NA
"milan",0.0126984126984127,NA
"moments",0.0126984126984127,NA
"priyanka",0.0126984126984127,NA
"selena",0.0126984126984127,NA
"smith",0.0126984126984127,NA
"ultimate",0.0126984126984127,NA
"closets",0.0158730158730159,NA
"decade",0.0158730158730159,NA
"girl",0.0158730158730159,NA
"glowing",0.0158730158730159,NA
"graham",0.0158730158730159,NA
"miranda",0.0158730158730159,NA
"narrates",0.0158730158730159,NA
"rihanna",0.0158730158730159,NA
"star",0.0158730158730159,NA
"step",0.0158730158730159,NA
"360",0.019047619047619,NA
"closet",0.019047619047619,NA
"eye",0.019047619047619,NA
"million",0.019047619047619,NA
"parker",0.019047619047619,NA
"routine",0.019047619047619,NA
"watch",0.019047619047619,NA
"workout",0.019047619047619,NA
"ashley",0.0222222222222222,NA
"sarah",0.0222222222222222,NA
"tour",0.0222222222222222,NA
"dress",0.0253968253968254,NA
"perfect",0.0253968253968254,NA
"24",0.0285714285714286,NA
"girls",0.0285714285714286,NA
"jessica",0.0285714285714286,NA
"sad",0.0285714285714286,NA
"hours",0.0317460317460317,NA
"york",0.0317460317460317,NA
"gigi",0.0349206349206349,NA
"hot",0.0349206349206349,NA
"kendall",0.0349206349206349,NA
"skin",0.0349206349206349,NA
"takes",0.0349206349206349,NA
"inside",0.0380952380952381,NA
"jenner",0.0380952380952381,NA
"fall",0.0412698412698413,NA
"wintour",0.0412698412698413,NA
"anna",0.0444444444444444,NA
"model",0.0444444444444444,NA
"guide",0.053968253968254,NA
"supermodel",0.0571428571428571,NA
"week",0.0666666666666667,NA
"73",0.0952380952380952,NA
"questions",0.0984126984126984,NA
"koshy",0.104761904761905,NA
"liza",0.104761904761905,NA
"2018",0.114285714285714,NA
"secrets",0.149206349206349,NA
"beauty",0.193650793650794,NA
"gala",0.26031746031746,NA
"met",0.266666666666667,NA
"vogue",0.787301587301587,NA
