"source","word","n","total","freq"
"Vogue","vogue",248,315,0.787301587301587
"VS","victoria’s",100,148,0.675675675675676
"VS","secret",98,148,0.662162162162162
"Vogue","met",84,315,0.266666666666667
"Vogue","gala",82,315,0.26031746031746
"Vogue","beauty",61,315,0.193650793650794
"Vogue","secrets",47,315,0.149206349206349
"VS","2016",45,148,0.304054054054054
"VS","commercial",38,148,0.256756756756757
"Vogue","2018",36,315,0.114285714285714
"Vogue","koshy",33,315,0.104761904761905
"Vogue","liza",33,315,0.104761904761905
"Vogue","questions",31,315,0.0984126984126984
"Vogue","73",30,315,0.0952380952380952
"Vogue","fashion",30,315,0.0952380952380952
"Vogue","ready",28,315,0.0888888888888889
"VS","fashion",27,148,0.182432432432432
"Vogue","week",21,315,0.0666666666666667
"Vogue","2016",20,315,0.0634920634920635
"Vogue","supermodel",18,315,0.0571428571428571
"VS","angel",18,148,0.121621621621622
"VS","angels",18,148,0.121621621621622
"Vogue","guide",17,315,0.053968253968254
"Vogue","secret",17,315,0.053968253968254
"VS","runway",17,148,0.114864864864865
"VS","road",16,148,0.108108108108108
"Vogue","anna",14,315,0.0444444444444444
"Vogue","model",14,315,0.0444444444444444
"VS","sexy",14,148,0.0945945945945946
"Vogue","fall",13,315,0.0412698412698413
"Vogue","wintour",13,315,0.0412698412698413
"VS","tv",13,148,0.0878378378378378
"Vogue","inside",12,315,0.0380952380952381
"Vogue","jenner",12,315,0.0380952380952381
"Vogue","2017",11,315,0.0349206349206349
"Vogue","gigi",11,315,0.0349206349206349
"Vogue","hadid",11,315,0.0349206349206349
"Vogue","hot",11,315,0.0349206349206349
"Vogue","kendall",11,315,0.0349206349206349
"Vogue","paris",11,315,0.0349206349206349
"Vogue","skin",11,315,0.0349206349206349
"Vogue","takes",11,315,0.0349206349206349
"Vogue","victoria’s",11,315,0.0349206349206349
"VS","train",11,148,0.0743243243243243
"Vogue","hours",10,315,0.0317460317460317
"Vogue","york",10,315,0.0317460317460317
"Vogue","24",9,315,0.0285714285714286
"Vogue","girls",9,315,0.0285714285714286
"Vogue","jessica",9,315,0.0285714285714286
"Vogue","makeup",9,315,0.0285714285714286
"Vogue","sad",9,315,0.0285714285714286
"VS","bra",9,148,0.0608108108108108
"VS","love",9,148,0.0608108108108108
"Vogue","dress",8,315,0.0253968253968254
"Vogue","perfect",8,315,0.0253968253968254
"VS","episode",8,148,0.0540540540540541
"VS","sport",8,148,0.0540540540540541
"Vogue","ashley",7,315,0.0222222222222222
"Vogue","sarah",7,315,0.0222222222222222
"Vogue","taylor",7,315,0.0222222222222222
"Vogue","tour",7,315,0.0222222222222222
"Vogue","wear",7,315,0.0222222222222222
"VS","live",7,148,0.0472972972972973
"VS","talk",7,148,0.0472972972972973
"Vogue","360",6,315,0.019047619047619
"Vogue","5",6,315,0.019047619047619
"Vogue","bella",6,315,0.019047619047619
"Vogue","closet",6,315,0.019047619047619
"Vogue","eye",6,315,0.019047619047619
"Vogue","million",6,315,0.019047619047619
"Vogue","night",6,315,0.019047619047619
"Vogue","parker",6,315,0.019047619047619
"Vogue","routine",6,315,0.019047619047619
"Vogue","watch",6,315,0.019047619047619
"Vogue","workout",6,315,0.019047619047619
"VS","3",6,148,0.0405405405405405
"VS","collection",6,148,0.0405405405405405
"VS","teaser",6,148,0.0405405405405405
"Vogue","3",5,315,0.0158730158730159
"Vogue","adriana",5,315,0.0158730158730159
"Vogue","closets",5,315,0.0158730158730159
"Vogue","decade",5,315,0.0158730158730159
"Vogue","girl",5,315,0.0158730158730159
"Vogue","glowing",5,315,0.0158730158730159
"Vogue","graham",5,315,0.0158730158730159
"Vogue","miranda",5,315,0.0158730158730159
"Vogue","narrates",5,315,0.0158730158730159
"Vogue","rihanna",5,315,0.0158730158730159
"Vogue","star",5,315,0.0158730158730159
"Vogue","step",5,315,0.0158730158730159
"VS","1",5,148,0.0337837837837838
"VS","elsa",5,148,0.0337837837837838
"VS","fantasy",5,148,0.0337837837837838
"VS","fragrance",5,148,0.0337837837837838
"VS","holiday",5,148,0.0337837837837838
"VS","olivier",5,148,0.0337837837837838
"VS","real",5,148,0.0337837837837838
"VS","rousteing",5,148,0.0337837837837838
"VS","victoria",5,148,0.0337837837837838
"Vogue","angel",4,315,0.0126984126984127
"Vogue","chopra",4,315,0.0126984126984127
"Vogue","cindy",4,315,0.0126984126984127
"Vogue","day",4,315,0.0126984126984127
"Vogue","diddy",4,315,0.0126984126984127
"Vogue","gomez",4,315,0.0126984126984127
"Vogue","hill",4,315,0.0126984126984127
"Vogue","house",4,315,0.0126984126984127
"Vogue","inspired",4,315,0.0126984126984127
"Vogue","jasmine",4,315,0.0126984126984127
"Vogue","katy",4,315,0.0126984126984127
"Vogue","kylie",4,315,0.0126984126984127
"Vogue","lives",4,315,0.0126984126984127
"Vogue","master",4,315,0.0126984126984127
"Vogue","milan",4,315,0.0126984126984127
"Vogue","moments",4,315,0.0126984126984127
"Vogue","priyanka",4,315,0.0126984126984127
"Vogue","selena",4,315,0.0126984126984127
"Vogue","smith",4,315,0.0126984126984127
"Vogue","stories",4,315,0.0126984126984127
"Vogue","tookes",4,315,0.0126984126984127
"Vogue","ultimate",4,315,0.0126984126984127
"VS","dream",4,148,0.027027027027027
"VS","extended",4,148,0.027027027027027
"VS","interviews",4,148,0.027027027027027
"VS","online",4,148,0.027027027027027
"VS","secret’s",4,148,0.027027027027027
"VS","voices",4,148,0.027027027027027
"VS","vsxbalmain",4,148,0.027027027027027
"Vogue","10",3,315,0.00952380952380952
"Vogue","actress",3,315,0.00952380952380952
"Vogue","adventure",3,315,0.00952380952380952
"Vogue","aldridge",3,315,0.00952380952380952
"Vogue","bed",3,315,0.00952380952380952
"Vogue","cardi",3,315,0.00952380952380952
"Vogue","carpet",3,315,0.00952380952380952
"Vogue","cat",3,315,0.00952380952380952
"Vogue","changed",3,315,0.00952380952380952
"Vogue","combs",3,315,0.00952380952380952
"Vogue","crawford",3,315,0.00952380952380952
"Vogue","diane",3,315,0.00952380952380952
"Vogue","fantasy",3,315,0.00952380952380952
"Vogue","french",3,315,0.00952380952380952
"Vogue","home",3,315,0.00952380952380952
"Vogue","huntington",3,315,0.00952380952380952
"Vogue","jordan",3,315,0.00952380952380952
"Vogue","kerr",3,315,0.00952380952380952
"Vogue","lena",3,315,0.00952380952380952
"Vogue","lily",3,315,0.00952380952380952
"Vogue","lima",3,315,0.00952380952380952
"Vogue","lupita",3,315,0.00952380952380952
"Vogue","michael",3,315,0.00952380952380952
"Vogue","minute",3,315,0.00952380952380952
"Vogue","models",3,315,0.00952380952380952
"Vogue","nyfw",3,315,0.00952380952380952
"Vogue","party",3,315,0.00952380952380952
"Vogue","perry",3,315,0.00952380952380952
"Vogue","pop",3,315,0.00952380952380952
"Vogue","pre",3,315,0.00952380952380952
"Vogue","prep",3,315,0.00952380952380952
"Vogue","pride",3,315,0.00952380952380952
"Vogue","red",3,315,0.00952380952380952
"Vogue","reveals",3,315,0.00952380952380952
"Vogue","rosie",3,315,0.00952380952380952
"Vogue","sean",3,315,0.00952380952380952
"Vogue","season",3,315,0.00952380952380952
"Vogue","shares",3,315,0.00952380952380952
"Vogue","shoot",3,315,0.00952380952380952
"Vogue","sleepover",3,315,0.00952380952380952
"Vogue","smoky",3,315,0.00952380952380952
"Vogue","studio",3,315,0.00952380952380952
"Vogue","style",3,315,0.00952380952380952
"Vogue","teyana",3,315,0.00952380952380952
"Vogue","trailer",3,315,0.00952380952380952
"Vogue","travis",3,315,0.00952380952380952
"Vogue","victoria",3,315,0.00952380952380952
"Vogue","vogue’s",3,315,0.00952380952380952
"Vogue","walking",3,315,0.00952380952380952
"Vogue","wedding",3,315,0.00952380952380952
"Vogue","williams",3,315,0.00952380952380952
"Vogue","women",3,315,0.00952380952380952
"VS","2",3,148,0.0202702702702703
"VS","2017",3,148,0.0202702702702703
"VS","5",3,148,0.0202702702702703
"VS","adriana",3,148,0.0202702702702703
"VS","alessandra",3,148,0.0202702702702703
"VS","beautiful",3,148,0.0202702702702703
"VS","body",3,148,0.0202702702702703
"VS","bralette",3,148,0.0202702702702703
"VS","fitness",3,148,0.0202702702702703
"VS","hosk",3,148,0.0202702702702703
"VS","illusions",3,148,0.0202702702702703
"VS","lily",3,148,0.0202702702702703
"VS","moves",3,148,0.0202702702702703
"VS","sara",3,148,0.0202702702702703
"VS","shirt",3,148,0.0202702702702703
"VS","summer",3,148,0.0202702702702703
"Vogue","7",2,315,0.00634920634920635
"Vogue","alexander",2,315,0.00634920634920635
"Vogue","america",2,315,0.00634920634920635
"Vogue","american",2,315,0.00634920634920635
"Vogue","angeles",2,315,0.00634920634920635
"Vogue","angels",2,315,0.00634920634920635
"Vogue","ansari",2,315,0.00634920634920635
"Vogue","aziz",2,315,0.00634920634920635
"Vogue","baby",2,315,0.00634920634920635
"Vogue","bad",2,315,0.00634920634920635
"Vogue","balmain",2,315,0.00634920634920635
"Vogue","beach",2,315,0.00634920634920635
"Vogue","beckham’s",2,315,0.00634920634920635
"Vogue","bombshell",2,315,0.00634920634920635
"Vogue","bra",2,315,0.00634920634920635
"Vogue","brady",2,315,0.00634920634920635
"Vogue","breaks",2,315,0.00634920634920635
"Vogue","bündchen",2,315,0.00634920634920635
"Vogue","cameron",2,315,0.00634920634920635
"Vogue","cami",2,315,0.00634920634920635
"Vogue","camille",2,315,0.00634920634920635
"Vogue","cassie",2,315,0.00634920634920635
"Vogue","céline",2,315,0.00634920634920635
"Vogue","chrissy",2,315,0.00634920634920635
"Vogue","city",2,315,0.00634920634920635
"Vogue","cl",2,315,0.00634920634920635
"Vogue","class",2,315,0.00634920634920635
"Vogue","coachella",2,315,0.00634920634920635
"Vogue","cole",2,315,0.00634920634920635
"Vogue","collections",2,315,0.00634920634920635
"Vogue","corden",2,315,0.00634920634920635
"Vogue","create",2,315,0.00634920634920635
"Vogue","creative",2,315,0.00634920634920635
"Vogue","creativity",2,315,0.00634920634920635
"Vogue","dallas",2,315,0.00634920634920635
"Vogue","dance",2,315,0.00634920634920635
"Vogue","daniel",2,315,0.00634920634920635
"Vogue","de",2,315,0.00634920634920635
"Vogue","denim",2,315,0.00634920634920635
"Vogue","desiigner",2,315,0.00634920634920635
"Vogue","drag",2,315,0.00634920634920635
"Vogue","dunham",2,315,0.00634920634920635
"Vogue","earth",2,315,0.00634920634920635
"Vogue","easier",2,315,0.00634920634920635
"Vogue","easy",2,315,0.00634920634920635
"Vogue","emma",2,315,0.00634920634920635
"Vogue","ep",2,315,0.00634920634920635
"Vogue","family",2,315,0.00634920634920635
"Vogue","fei",2,315,0.00634920634920635
"Vogue","final",2,315,0.00634920634920635
"Vogue","finalists",2,315,0.00634920634920635
"Vogue","found",2,315,0.00634920634920635
"Vogue","ft",2,315,0.00634920634920635
"Vogue","fund",2,315,0.00634920634920635
"Vogue","furstenberg",2,315,0.00634920634920635
"Vogue","future",2,315,0.00634920634920635
"Vogue","game",2,315,0.00634920634920635
"Vogue","gerber’s",2,315,0.00634920634920635
"Vogue","gisele",2,315,0.00634920634920635
"Vogue","grace",2,315,0.00634920634920635
"Vogue","hadid’s",2,315,0.00634920634920635
"Vogue","hailey",2,315,0.00634920634920635
"Vogue","hair",2,315,0.00634920634920635
"Vogue","headpiece",2,315,0.00634920634920635
"Vogue","here’s",2,315,0.00634920634920635
"Vogue","instagram",2,315,0.00634920634920635
"Vogue","issa",2,315,0.00634920634920635
"Vogue","jackson",2,315,0.00634920634920635
"Vogue","jaden",2,315,0.00634920634920635
"Vogue","james",2,315,0.00634920634920635
"Vogue","jet",2,315,0.00634920634920635
"Vogue","jonas",2,315,0.00634920634920635
"Vogue","jordyn",2,315,0.00634920634920635
"Vogue","jung",2,315,0.00634920634920635
"Vogue","kaia",2,315,0.00634920634920635
"Vogue","kanye",2,315,0.00634920634920635
"Vogue","kardashian",2,315,0.00634920634920635
"Vogue","karlie",2,315,0.00634920634920635
"Vogue","kerr’s",2,315,0.00634920634920635
"Vogue","kim",2,315,0.00634920634920635
"Vogue","kloss",2,315,0.00634920634920635
"Vogue","korean",2,315,0.00634920634920635
"Vogue","life",2,315,0.00634920634920635
"Vogue","lili",2,315,0.00634920634920635
"Vogue","lilly",2,315,0.00634920634920635
"Vogue","lips",2,315,0.00634920634920635
"Vogue","los",2,315,0.00634920634920635
"Vogue","love",2,315,0.00634920634920635
"Vogue","magic",2,315,0.00634920634920635
"Vogue","malik",2,315,0.00634920634920635
"Vogue","mccartney",2,315,0.00634920634920635
"Vogue","meets",2,315,0.00634920634920635
"Vogue","michelle",2,315,0.00634920634920635
"Vogue","migos",2,315,0.00634920634920635
"Vogue","moment",2,315,0.00634920634920635
"Vogue","morrone",2,315,0.00634920634920635
"Vogue","nick",2,315,0.00634920634920635
"Vogue","nyong’o",2,315,0.00634920634920635
"Vogue","olympian",2,315,0.00634920634920635
"Vogue","ora",2,315,0.00634920634920635
"Vogue","race",2,315,0.00634920634920635
"Vogue","rae",2,315,0.00634920634920635
"Vogue","rita",2,315,0.00634920634920635
"Vogue","ritual",2,315,0.00634920634920635
"Vogue","rowe",2,315,0.00634920634920635
"Vogue","rules",2,315,0.00634920634920635
"Vogue","runway",2,315,0.00634920634920635
"Vogue","rupaul’s",2,315,0.00634920634920635
"Vogue","sampaio’s",2,315,0.00634920634920635
"Vogue","sara",2,315,0.00634920634920635
"Vogue","scenes",2,315,0.00634920634920635
"Vogue","serena",2,315,0.00634920634920635
"Vogue","set",2,315,0.00634920634920635
"Vogue","share",2,315,0.00634920634920635
"Vogue","simone",2,315,0.00634920634920635
"Vogue","singer",2,315,0.00634920634920635
"Vogue","sprouse",2,315,0.00634920634920635
"Vogue","stella",2,315,0.00634920634920635
"Vogue","steps",2,315,0.00634920634920635
"Vogue","stone",2,315,0.00634920634920635
"Vogue","suit",2,315,0.00634920634920635
"Vogue","suits",2,315,0.00634920634920635
"Vogue","talks",2,315,0.00634920634920635
"Vogue","teaches",2,315,0.00634920634920635
"Vogue","teigen",2,315,0.00634920634920635
"Vogue","tom",2,315,0.00634920634920635
"Vogue","top",2,315,0.00634920634920635
"Vogue","trick",2,315,0.00634920634920635
"Vogue","troye",2,315,0.00634920634920635
"Vogue","tyler",2,315,0.00634920634920635
"Vogue","versace",2,315,0.00634920634920635
"Vogue","von",2,315,0.00634920634920635
"Vogue","walk",2,315,0.00634920634920635
"Vogue","week’s",2,315,0.00634920634920635
"Vogue","wellness",2,315,0.00634920634920635
"Vogue","west",2,315,0.00634920634920635
"Vogue","whiteley",2,315,0.00634920634920635
"Vogue","winner",2,315,0.00634920634920635
"Vogue","worst",2,315,0.00634920634920635
"Vogue","you’ve",2,315,0.00634920634920635
"Vogue","zac",2,315,0.00634920634920635
"Vogue","zayn",2,315,0.00634920634920635
"Vogue","zendaya",2,315,0.00634920634920635
"VS","30",2,148,0.0135135135135135
"VS","305",2,148,0.0135135135135135
"VS","4",2,148,0.0135135135135135
"VS","6",2,148,0.0135135135135135
"VS","7",2,148,0.0135135135135135
"VS","8",2,148,0.0135135135135135
"VS","anderson",2,148,0.0135135135135135
"VS","ballet",2,148,0.0135135135135135
"VS","balmain",2,148,0.0135135135135135
"VS","beth",2,148,0.0135135135135135
"VS","china",2,148,0.0135135135135135
"VS","coming",2,148,0.0135135135135135
"VS","cooke",2,148,0.0135135135135135
"VS","dogpound",2,148,0.0135135135135135
"VS","easy",2,148,0.0135135135135135
"VS","friend",2,148,0.0135135135135135
"VS","game",2,148,0.0135135135135135
"VS","january",2,148,0.0135135135135135
"VS","jasmine",2,148,0.0135135135135135
"VS","josephine",2,148,0.0135135135135135
"VS","martha",2,148,0.0135135135135135
"VS","media",2,148,0.0135135135135135
"VS","night",2,148,0.0135135135135135
"VS","paris",2,148,0.0135135135135135
"VS","ready",2,148,0.0135135135135135
"VS","scandalous",2,148,0.0135135135135135
"VS","singapore",2,148,0.0135135135135135
"VS","special",2,148,0.0135135135135135
"VS","stretch",2,148,0.0135135135135135
"VS","swim",2,148,0.0135135135135135
"VS","taylor",2,148,0.0135135135135135
"VS","tookes",2,148,0.0135135135135135
"VS","tracy",2,148,0.0135135135135135
"VS","victoria's",2,148,0.0135135135135135
"VS","wear",2,148,0.0135135135135135
"Vogue","100",1,315,0.00317460317460317
"Vogue","12",1,315,0.00317460317460317
"Vogue","141st",1,315,0.00317460317460317
"Vogue","15",1,315,0.00317460317460317
"Vogue","16",1,315,0.00317460317460317
"Vogue","1892",1,315,0.00317460317460317
"Vogue","19",1,315,0.00317460317460317
"Vogue","1900s",1,315,0.00317460317460317
"Vogue","1920s",1,315,0.00317460317460317
"Vogue","1930s",1,315,0.00317460317460317
"Vogue","1950s",1,315,0.00317460317460317
"Vogue","1960s",1,315,0.00317460317460317
"Vogue","1980s",1,315,0.00317460317460317
"Vogue","1s",1,315,0.00317460317460317
"Vogue","2",1,315,0.00317460317460317
"Vogue","2019",1,315,0.00317460317460317
"Vogue","2050",1,315,0.00317460317460317
"Vogue","21",1,315,0.00317460317460317
"Vogue","22",1,315,0.00317460317460317
"Vogue","28",1,315,0.00317460317460317
"Vogue","32",1,315,0.00317460317460317
"Vogue","36",1,315,0.00317460317460317
"Vogue","45",1,315,0.00317460317460317
"Vogue","60",1,315,0.00317460317460317
"Vogue","8",1,315,0.00317460317460317
"Vogue","9",1,315,0.00317460317460317
"Vogue","adele",1,315,0.00317460317460317
"Vogue","adut",1,315,0.00317460317460317
"Vogue","age",1,315,0.00317460317460317
"Vogue","air",1,315,0.00317460317460317
"Vogue","airport",1,315,0.00317460317460317
"Vogue","akech's",1,315,0.00317460317460317
"Vogue","album",1,315,0.00317460317460317
"Vogue","alicia",1,315,0.00317460317460317
"Vogue","altschul",1,315,0.00317460317460317
"Vogue","aluna",1,315,0.00317460317460317
"Vogue","alunageorge",1,315,0.00317460317460317
"Vogue","amber",1,315,0.00317460317460317
"Vogue","amy",1,315,0.00317460317460317
"Vogue","andreea",1,315,0.00317460317460317
"Vogue","andy",1,315,0.00317460317460317
"Vogue","angelic",1,315,0.00317460317460317
"Vogue","angelina",1,315,0.00317460317460317
"Vogue","announces",1,315,0.00317460317460317
"Vogue","answers",1,315,0.00317460317460317
"Vogue","applies",1,315,0.00317460317460317
"Vogue","aquaria",1,315,0.00317460317460317
"Vogue","ari",1,315,0.00317460317460317
"Vogue","ariana",1,315,0.00317460317460317
"Vogue","arnold’s",1,315,0.00317460317460317
"Vogue","art",1,315,0.00317460317460317
"Vogue","artist",1,315,0.00317460317460317
"Vogue","artistic",1,315,0.00317460317460317
"Vogue","ashton",1,315,0.00317460317460317
"Vogue","aspirations",1,315,0.00317460317460317
"Vogue","avant",1,315,0.00317460317460317
"Vogue","backstage",1,315,0.00317460317460317
"Vogue","bada",1,315,0.00317460317460317
"Vogue","bag",1,315,0.00317460317460317
"Vogue","baldwin",1,315,0.00317460317460317
"Vogue","baldwin’s",1,315,0.00317460317460317
"Vogue","ball",1,315,0.00317460317460317
"Vogue","band",1,315,0.00317460317460317
"Vogue","bar",1,315,0.00317460317460317
"Vogue","barrymore’s",1,315,0.00317460317460317
"Vogue","bathing",1,315,0.00317460317460317
"Vogue","beaded",1,315,0.00317460317460317
"Vogue","bean",1,315,0.00317460317460317
"Vogue","beckham",1,315,0.00317460317460317
"Vogue","bedtime",1,315,0.00317460317460317
"Vogue","bejeweled",1,315,0.00317460317460317
"Vogue","bennett",1,315,0.00317460317460317
"Vogue","benton",1,315,0.00317460317460317
"Vogue","bergdorf",1,315,0.00317460317460317
"Vogue","beth",1,315,0.00317460317460317
"Vogue","beyoncé",1,315,0.00317460317460317
"Vogue","bffs",1,315,0.00317460317460317
"Vogue","biles",1,315,0.00317460317460317
"Vogue","bitches",1,315,0.00317460317460317
"Vogue","bite",1,315,0.00317460317460317
"Vogue","blake",1,315,0.00317460317460317
"Vogue","blesses",1,315,0.00317460317460317
"Vogue","blue",1,315,0.00317460317460317
"Vogue","bodegas",1,315,0.00317460317460317
"Vogue","body",1,315,0.00317460317460317
"Vogue","bold",1,315,0.00317460317460317
"Vogue","bootylicious",1,315,0.00317460317460317
"Vogue","boundary",1,315,0.00317460317460317
"Vogue","bowie",1,315,0.00317460317460317
"Vogue","boy",1,315,0.00317460317460317
"Vogue","boyfriend",1,315,0.00317460317460317
"Vogue","boyfriend’s",1,315,0.00317460317460317
"Vogue","braided",1,315,0.00317460317460317
"Vogue","branded",1,315,0.00317460317460317
"Vogue","brannon",1,315,0.00317460317460317
"Vogue","brazilian",1,315,0.00317460317460317
"Vogue","breakup",1,315,0.00317460317460317
"Vogue","bria",1,315,0.00317460317460317
"Vogue","brighton",1,315,0.00317460317460317
"Vogue","bringing",1,315,0.00317460317460317
"Vogue","brit",1,315,0.00317460317460317
"Vogue","british",1,315,0.00317460317460317
"Vogue","broadway",1,315,0.00317460317460317
"Vogue","brooke",1,315,0.00317460317460317
"Vogue","brooklyn",1,315,0.00317460317460317
"Vogue","browning",1,315,0.00317460317460317
"Vogue","brows",1,315,0.00317460317460317
"Vogue","bruna's",1,315,0.00317460317460317
"Vogue","bts",1,315,0.00317460317460317
"Vogue","bus",1,315,0.00317460317460317
"Vogue","butt",1,315,0.00317460317460317
"Vogue","cabello",1,315,0.00317460317460317
"Vogue","california",1,315,0.00317460317460317
"Vogue","cam",1,315,0.00317460317460317
"Vogue","camila",1,315,0.00317460317460317
"Vogue","cannes",1,315,0.00317460317460317
"Vogue","cape",1,315,0.00317460317460317
"Vogue","captured",1,315,0.00317460317460317
"Vogue","care",1,315,0.00317460317460317
"Vogue","carlotta",1,315,0.00317460317460317
"Vogue","carmen",1,315,0.00317460317460317
"Vogue","carolina",1,315,0.00317460317460317
"Vogue","caroline",1,315,0.00317460317460317
"Vogue","cassie’s",1,315,0.00317460317460317
"Vogue","catholicism",1,315,0.00317460317460317
"Vogue","cazzie",1,315,0.00317460317460317
"Vogue","ceiling",1,315,0.00317460317460317
"Vogue","celebrities",1,315,0.00317460317460317
"Vogue","cfda",1,315,0.00317460317460317
"Vogue","chaka",1,315,0.00317460317460317
"Vogue","changing",1,315,0.00317460317460317
"Vogue","chapel",1,315,0.00317460317460317
"Vogue","charm’s",1,315,0.00317460317460317
"Vogue","cheetos",1,315,0.00317460317460317
"Vogue","chicago",1,315,0.00317460317460317
"Vogue","chicano",1,315,0.00317460317460317
"Vogue","chloë",1,315,0.00317460317460317
"Vogue","choices",1,315,0.00317460317460317
"Vogue","chrome",1,315,0.00317460317460317
"Vogue","ciara",1,315,0.00317460317460317
"Vogue","ciara’s",1,315,0.00317460317460317
"Vogue","clarke",1,315,0.00317460317460317
"Vogue","cleaning",1,315,0.00317460317460317
"Vogue","clip",1,315,0.00317460317460317
"Vogue","clothing",1,315,0.00317460317460317
"Vogue","club",1,315,0.00317460317460317
"Vogue","clubs",1,315,0.00317460317460317
"Vogue","cocktail",1,315,0.00317460317460317
"Vogue","cocktails",1,315,0.00317460317460317
"Vogue","cohen",1,315,0.00317460317460317
"Vogue","columnist's",1,315,0.00317460317460317
"Vogue","combats",1,315,0.00317460317460317
"Vogue","coming",1,315,0.00317460317460317
"Vogue","confidence",1,315,0.00317460317460317
"Vogue","content",1,315,0.00317460317460317
"Vogue","contestants",1,315,0.00317460317460317
"Vogue","contouring",1,315,0.00317460317460317
"Vogue","coolest",1,315,0.00317460317460317
"Vogue","cosmetic",1,315,0.00317460317460317
"Vogue","couple",1,315,0.00317460317460317
"Vogue","courtesy",1,315,0.00317460317460317
"Vogue","couture",1,315,0.00317460317460317
"Vogue","cover",1,315,0.00317460317460317
"Vogue","covered",1,315,0.00317460317460317
"Vogue","covers",1,315,0.00317460317460317
"Vogue","cozy",1,315,0.00317460317460317
"Vogue","craig",1,315,0.00317460317460317
"Vogue","creator",1,315,0.00317460317460317
"Vogue","creator’s",1,315,0.00317460317460317
"Vogue","crystals",1,315,0.00317460317460317
"Vogue","cuoco’s",1,315,0.00317460317460317
"Vogue","curl",1,315,0.00317460317460317
"Vogue","cynthia",1,315,0.00317460317460317
"Vogue","cyrus",1,315,0.00317460317460317
"Vogue","daisy",1,315,0.00317460317460317
"Vogue","dakota",1,315,0.00317460317460317
"Vogue","dancers",1,315,0.00317460317460317
"Vogue","dances",1,315,0.00317460317460317
"Vogue","dancing",1,315,0.00317460317460317
"Vogue","dark",1,315,0.00317460317460317
"Vogue","daryl",1,315,0.00317460317460317
"Vogue","dating",1,315,0.00317460317460317
"Vogue","david",1,315,0.00317460317460317
"Vogue","david’s",1,315,0.00317460317460317
"Vogue","days",1,315,0.00317460317460317
"Vogue","daytime",1,315,0.00317460317460317
"Vogue","dear",1,315,0.00317460317460317
"Vogue","debuts",1,315,0.00317460317460317
"Vogue","decide",1,315,0.00317460317460317
"Vogue","define",1,315,0.00317460317460317
"Vogue","defying",1,315,0.00317460317460317
"Vogue","degrees",1,315,0.00317460317460317
"Vogue","del",1,315,0.00317460317460317
"Vogue","demi",1,315,0.00317460317460317
"Vogue","denée",1,315,0.00317460317460317
"Vogue","derek",1,315,0.00317460317460317
"Vogue","designed",1,315,0.00317460317460317
"Vogue","designs",1,315,0.00317460317460317
"Vogue","detox",1,315,0.00317460317460317
"Vogue","diaconu",1,315,0.00317460317460317
"Vogue","diaz",1,315,0.00317460317460317
"Vogue","diner",1,315,0.00317460317460317
"Vogue","dion",1,315,0.00317460317460317
"Vogue","dion’s",1,315,0.00317460317460317
"Vogue","director",1,315,0.00317460317460317
"Vogue","discuss",1,315,0.00317460317460317
"Vogue","ditto",1,315,0.00317460317460317
"Vogue","diva",1,315,0.00317460317460317
"Vogue","divine",1,315,0.00317460317460317
"Vogue","diy",1,315,0.00317460317460317
"Vogue","documentary",1,315,0.00317460317460317
"Vogue","dog",1,315,0.00317460317460317
"Vogue","dolan",1,315,0.00317460317460317
"Vogue","donald",1,315,0.00317460317460317
"Vogue","donatella",1,315,0.00317460317460317
"Vogue","door",1,315,0.00317460317460317
"Vogue","dose",1,315,0.00317460317460317
"Vogue","dreams",1,315,0.00317460317460317
"Vogue","dree",1,315,0.00317460317460317
"Vogue","drew",1,315,0.00317460317460317
"Vogue","dsquared2",1,315,0.00317460317460317
"Vogue","dunn",1,315,0.00317460317460317
"Vogue","eating",1,315,0.00317460317460317
"Vogue","eaton",1,315,0.00317460317460317
"Vogue","efron",1,315,0.00317460317460317
"Vogue","egyptian",1,315,0.00317460317460317
"Vogue","elba",1,315,0.00317460317460317
"Vogue","electra's",1,315,0.00317460317460317
"Vogue","elle",1,315,0.00317460317460317
"Vogue","ellis",1,315,0.00317460317460317
"Vogue","elsa",1,315,0.00317460317460317
"Vogue","elsesser’s",1,315,0.00317460317460317
"Vogue","emilia",1,315,0.00317460317460317
"Vogue","emily",1,315,0.00317460317460317
"Vogue","endings",1,315,0.00317460317460317
"Vogue","ensembles",1,315,0.00317460317460317
"Vogue","epic",1,315,0.00317460317460317
"Vogue","erika",1,315,0.00317460317460317
"Vogue","erivo",1,315,0.00317460317460317
"Vogue","esther",1,315,0.00317460317460317
"Vogue","eurydice",1,315,0.00317460317460317
"Vogue","existential",1,315,0.00317460317460317
"Vogue","expectations",1,315,0.00317460317460317
"Vogue","expects",1,315,0.00317460317460317
"Vogue","explains",1,315,0.00317460317460317
"Vogue","explores",1,315,0.00317460317460317
"Vogue","eye's",1,315,0.00317460317460317
"Vogue","eyebrows",1,315,0.00317460317460317
"Vogue","eyeliner",1,315,0.00317460317460317
"Vogue","eyes",1,315,0.00317460317460317
"Vogue","eyeshadow",1,315,0.00317460317460317
"Vogue","fabulous",1,315,0.00317460317460317
"Vogue","faced",1,315,0.00317460317460317
"Vogue","failed",1,315,0.00317460317460317
"Vogue","fairy",1,315,0.00317460317460317
"Vogue","faith",1,315,0.00317460317460317
"Vogue","faking",1,315,0.00317460317460317
"Vogue","fame",1,315,0.00317460317460317
"Vogue","fan",1,315,0.00317460317460317
"Vogue","fanning's",1,315,0.00317460317460317
"Vogue","farm",1,315,0.00317460317460317
"Vogue","favorite",1,315,0.00317460317460317
"Vogue","feel",1,315,0.00317460317460317
"Vogue","fencing",1,315,0.00317460317460317
"Vogue","fendi",1,315,0.00317460317460317
"Vogue","fenty",1,315,0.00317460317460317
"Vogue","fights",1,315,0.00317460317460317
"Vogue","film",1,315,0.00317460317460317
"Vogue","fitspiration",1,315,0.00317460317460317
"Vogue","fitting",1,315,0.00317460317460317
"Vogue","fittings",1,315,0.00317460317460317
"Vogue","flag",1,315,0.00317460317460317
"Vogue","flirting",1,315,0.00317460317460317
"Vogue","florida",1,315,0.00317460317460317
"Vogue","fontana",1,315,0.00317460317460317
"Vogue","force",1,315,0.00317460317460317
"Vogue","francis",1,315,0.00317460317460317
"Vogue","fresh",1,315,0.00317460317460317
"Vogue","front",1,315,0.00317460317460317
"Vogue","futuristic",1,315,0.00317460317460317
"Vogue","gala’s",1,315,0.00317460317460317
"Vogue","garde",1,315,0.00317460317460317
"Vogue","genius",1,315,0.00317460317460317
"Vogue","ghosting",1,315,0.00317460317460317
"Vogue","gillian",1,315,0.00317460317460317
"Vogue","gina",1,315,0.00317460317460317
"Vogue","girlfriend",1,315,0.00317460317460317
"Vogue","givenchy",1,315,0.00317460317460317
"Vogue","giving",1,315,0.00317460317460317
"Vogue","glitter",1,315,0.00317460317460317
"Vogue","globes",1,315,0.00317460317460317
"Vogue","glover",1,315,0.00317460317460317
"Vogue","glow",1,315,0.00317460317460317
"Vogue","golden",1,315,0.00317460317460317
"Vogue","goulart’s",1,315,0.00317460317460317
"Vogue","graham's",1,315,0.00317460317460317
"Vogue","grammys",1,315,0.00317460317460317
"Vogue","grand",1,315,0.00317460317460317
"Vogue","grande",1,315,0.00317460317460317
"Vogue","graynor",1,315,0.00317460317460317
"Vogue","gucci",1,315,0.00317460317460317
"Vogue","guru",1,315,0.00317460317460317
"Vogue","gwyneth",1,315,0.00317460317460317
"Vogue","haddish",1,315,0.00317460317460317
"Vogue","hades",1,315,0.00317460317460317
"Vogue","hadid's",1,315,0.00317460317460317
"Vogue","haim",1,315,0.00317460317460317
"Vogue","halloween",1,315,0.00317460317460317
"Vogue","halo",1,315,0.00317460317460317
"Vogue","hang",1,315,0.00317460317460317
"Vogue","happy",1,315,0.00317460317460317
"Vogue","hari",1,315,0.00317460317460317
"Vogue","harris",1,315,0.00317460317460317
"Vogue","hartzel",1,315,0.00317460317460317
"Vogue","hartzel’s",1,315,0.00317460317460317
"Vogue","hates",1,315,0.00317460317460317
"Vogue","hating",1,315,0.00317460317460317
"Vogue","headlining",1,315,0.00317460317460317
"Vogue","helen",1,315,0.00317460317460317
"Vogue","helicopter",1,315,0.00317460317460317
"Vogue","hemingway’s",1,315,0.00317460317460317
"Vogue","hennessy",1,315,0.00317460317460317
"Vogue","highlight",1,315,0.00317460317460317
"Vogue","hilfiger",1,315,0.00317460317460317
"Vogue","hippie",1,315,0.00317460317460317
"Vogue","history",1,315,0.00317460317460317
"Vogue","homer",1,315,0.00317460317460317
"Vogue","hosk",1,315,0.00317460317460317
"Vogue","hosting",1,315,0.00317460317460317
"Vogue","hoyeon",1,315,0.00317460317460317
"Vogue","husband",1,315,0.00317460317460317
"Vogue","hyojoo",1,315,0.00317460317460317
"Vogue","i’ve",1,315,0.00317460317460317
"Vogue","idris",1,315,0.00317460317460317
"Vogue","ii",1,315,0.00317460317460317
"Vogue","imagines",1,315,0.00317460317460317
"Vogue","included",1,315,0.00317460317460317
"Vogue","ingredient",1,315,0.00317460317460317
"Vogue","interning",1,315,0.00317460317460317
"Vogue","intricate",1,315,0.00317460317460317
"Vogue","irene",1,315,0.00317460317460317
"Vogue","irina",1,315,0.00317460317460317
"Vogue","isabeli",1,315,0.00317460317460317
"Vogue","it’s",1,315,0.00317460317460317
"Vogue","izabel",1,315,0.00317460317460317
"Vogue","jacobs",1,315,0.00317460317460317
"Vogue","jam",1,315,0.00317460317460317
"Vogue","japanese",1,315,0.00317460317460317
"Vogue","jared",1,315,0.00317460317460317
"Vogue","jayne",1,315,0.00317460317460317
"Vogue","jenner's",1,315,0.00317460317460317
"Vogue","jennifer",1,315,0.00317460317460317
"Vogue","joan",1,315,0.00317460317460317
"Vogue","joey",1,315,0.00317460317460317
"Vogue","johnson",1,315,0.00317460317460317
"Vogue","jokes",1,315,0.00317460317460317
"Vogue","jolie",1,315,0.00317460317460317
"Vogue","jonathan",1,315,0.00317460317460317
"Vogue","jorja",1,315,0.00317460317460317
"Vogue","jourdan",1,315,0.00317460317460317
"Vogue","journey",1,315,0.00317460317460317
"Vogue","judges",1,315,0.00317460317460317
"Vogue","jung’s",1,315,0.00317460317460317
"Vogue","kaley",1,315,0.00317460317460317
"Vogue","kali",1,315,0.00317460317460317
"Vogue","kaluuya",1,315,0.00317460317460317
"Vogue","karaoke",1,315,0.00317460317460317
"Vogue","kardashian's",1,315,0.00317460317460317
"Vogue","karl",1,315,0.00317460317460317
"Vogue","karley",1,315,0.00317460317460317
"Vogue","kate",1,315,0.00317460317460317
"Vogue","kennel",1,315,0.00317460317460317
"Vogue","kenya",1,315,0.00317460317460317
"Vogue","khalifa",1,315,0.00317460317460317
"Vogue","khan’s",1,315,0.00317460317460317
"Vogue","khloé",1,315,0.00317460317460317
"Vogue","kicked",1,315,0.00317460317460317
"Vogue","kicking",1,315,0.00317460317460317
"Vogue","killer",1,315,0.00317460317460317
"Vogue","kim’s",1,315,0.00317460317460317
"Vogue","kirke's",1,315,0.00317460317460317
"Vogue","kisses",1,315,0.00317460317460317
"Vogue","knocking",1,315,0.00317460317460317
"Vogue","knuckles",1,315,0.00317460317460317
"Vogue","ko",1,315,0.00317460317460317
"Vogue","kohl's",1,315,0.00317460317460317
"Vogue","kondo",1,315,0.00317460317460317
"Vogue","l.a",1,315,0.00317460317460317
"Vogue","la",1,315,0.00317460317460317
"Vogue","lag",1,315,0.00317460317460317
"Vogue","lagged",1,315,0.00317460317460317
"Vogue","lana",1,315,0.00317460317460317
"Vogue","lane",1,315,0.00317460317460317
"Vogue","lanka",1,315,0.00317460317460317
"Vogue","lawrence’s",1,315,0.00317460317460317
"Vogue","learn",1,315,0.00317460317460317
"Vogue","learned",1,315,0.00317460317460317
"Vogue","legs",1,315,0.00317460317460317
"Vogue","lemonade",1,315,0.00317460317460317
"Vogue","leto",1,315,0.00317460317460317
"Vogue","lima’s",1,315,0.00317460317460317
"Vogue","lip",1,315,0.00317460317460317
"Vogue","lively",1,315,0.00317460317460317
"Vogue","living",1,315,0.00317460317460317
"Vogue","lizzo’s",1,315,0.00317460317460317
"Vogue","local’s",1,315,0.00317460317460317
"Vogue","logan",1,315,0.00317460317460317
"Vogue","lola",1,315,0.00317460317460317
"Vogue","london",1,315,0.00317460317460317
"Vogue","longboarder",1,315,0.00317460317460317
"Vogue","lovato",1,315,0.00317460317460317
"Vogue","loves",1,315,0.00317460317460317
"Vogue","loving",1,315,0.00317460317460317
"Vogue","lucky",1,315,0.00317460317460317
"Vogue","madonna",1,315,0.00317460317460317
"Vogue","maigret",1,315,0.00317460317460317
"Vogue","makeover",1,315,0.00317460317460317
"Vogue","makes",1,315,0.00317460317460317
"Vogue","manhattan",1,315,0.00317460317460317
"Vogue","margaret",1,315,0.00317460317460317
"Vogue","margot",1,315,0.00317460317460317
"Vogue","marie",1,315,0.00317460317460317
"Vogue","maroulis",1,315,0.00317460317460317
"Vogue","marshall",1,315,0.00317460317460317
"Vogue","matching",1,315,0.00317460317460317
"Vogue","maternity",1,315,0.00317460317460317
"Vogue","matrix",1,315,0.00317460317460317
"Vogue","maxine",1,315,0.00317460317460317
"Vogue","mcdonald's",1,315,0.00317460317460317
"Vogue","mcgrath’s",1,315,0.00317460317460317
"Vogue","meaning",1,315,0.00317460317460317
"Vogue","media",1,315,0.00317460317460317
"Vogue","meditation",1,315,0.00317460317460317
"Vogue","memories",1,315,0.00317460317460317
"Vogue","mendes",1,315,0.00317460317460317
"Vogue","meryl",1,315,0.00317460317460317
"Vogue","mickalene",1,315,0.00317460317460317
"Vogue","miley",1,315,0.00317460317460317
"Vogue","minaj",1,315,0.00317460317460317
"Vogue","mindfulness",1,315,0.00317460317460317
"Vogue","minogue",1,315,0.00317460317460317
"Vogue","minutes",1,315,0.00317460317460317
"Vogue","mojo",1,315,0.00317460317460317
"Vogue","monday",1,315,0.00317460317460317
"Vogue","months",1,315,0.00317460317460317
"Vogue","moody",1,315,0.00317460317460317
"Vogue","morning",1,315,0.00317460317460317
"Vogue","moves",1,315,0.00317460317460317
"Vogue","movie",1,315,0.00317460317460317
"Vogue","movies",1,315,0.00317460317460317
"Vogue","mullen",1,315,0.00317460317460317
"Vogue","museum",1,315,0.00317460317460317
"Vogue","music",1,315,0.00317460317460317
"Vogue","musical",1,315,0.00317460317460317
"Vogue","mv",1,315,0.00317460317460317
"Vogue","mystery",1,315,0.00317460317460317
"Vogue","myth",1,315,0.00317460317460317
"Vogue","naïm",1,315,0.00317460317460317
"Vogue","naomi",1,315,0.00317460317460317
"Vogue","natalia",1,315,0.00317460317460317
"Vogue","natasha",1,315,0.00317460317460317
"Vogue","natural",1,315,0.00317460317460317
"Vogue","nef's",1,315,0.00317460317460317
"Vogue","negga’s",1,315,0.00317460317460317
"Vogue","neil",1,315,0.00317460317460317
"Vogue","ness",1,315,0.00317460317460317
"Vogue","newton",1,315,0.00317460317460317
"Vogue","nfl",1,315,0.00317460317460317
"Vogue","nicki",1,315,0.00317460317460317
"Vogue","nina",1,315,0.00317460317460317
"Vogue","nyong'o",1,315,0.00317460317460317
"Vogue","obsession",1,315,0.00317460317460317
"Vogue","ocean's",1,315,0.00317460317460317
"Vogue","office",1,315,0.00317460317460317
"Vogue","official",1,315,0.00317460317460317
"Vogue","ogling",1,315,0.00317460317460317
"Vogue","olivier",1,315,0.00317460317460317
"Vogue","olympic",1,315,0.00317460317460317
"Vogue","organizing",1,315,0.00317460317460317
"Vogue","orpheus",1,315,0.00317460317460317
"Vogue","oscar",1,315,0.00317460317460317
"Vogue","outdoors",1,315,0.00317460317460317
"Vogue","outfits",1,315,0.00317460317460317
"Vogue","pack",1,315,0.00317460317460317
"Vogue","paloma",1,315,0.00317460317460317
"Vogue","paltrow’s",1,315,0.00317460317460317
"Vogue","panda",1,315,0.00317460317460317
"Vogue","panties",1,315,0.00317460317460317
"Vogue","parents",1,315,0.00317460317460317
"Vogue","parisian",1,315,0.00317460317460317
"Vogue","pat",1,315,0.00317460317460317
"Vogue","patricia",1,315,0.00317460317460317
"Vogue","patrick",1,315,0.00317460317460317
"Vogue","pb",1,315,0.00317460317460317
"Vogue","pearl",1,315,0.00317460317460317
"Vogue","people’s",1,315,0.00317460317460317
"Vogue","perform",1,315,0.00317460317460317
"Vogue","performing",1,315,0.00317460317460317
"Vogue","performs",1,315,0.00317460317460317
"Vogue","perry’s",1,315,0.00317460317460317
"Vogue","petition",1,315,0.00317460317460317
"Vogue","pharrell",1,315,0.00317460317460317
"Vogue","photo",1,315,0.00317460317460317
"Vogue","pitch",1,315,0.00317460317460317
"Vogue","pivotal",1,315,0.00317460317460317
"Vogue","pizza",1,315,0.00317460317460317
"Vogue","poly's",1,315,0.00317460317460317
"Vogue","posen",1,315,0.00317460317460317
"Vogue","posse",1,315,0.00317460317460317
"Vogue","post",1,315,0.00317460317460317
"Vogue","posts",1,315,0.00317460317460317
"Vogue","pound",1,315,0.00317460317460317
"Vogue","pranks",1,315,0.00317460317460317
"Vogue","preforms",1,315,0.00317460317460317
"Vogue","pregnant",1,315,0.00317460317460317
"Vogue","pro",1,315,0.00317460317460317
"Vogue","procedures",1,315,0.00317460317460317
"Vogue","process",1,315,0.00317460317460317
"Vogue","products",1,315,0.00317460317460317
"Vogue","project’s",1,315,0.00317460317460317
"Vogue","psychology",1,315,0.00317460317460317
"Vogue","psychotically",1,315,0.00317460317460317
"Vogue","public",1,315,0.00317460317460317
"Vogue","pulls",1,315,0.00317460317460317
"Vogue","puma",1,315,0.00317460317460317
"Vogue","punky",1,315,0.00317460317460317
"Vogue","push",1,315,0.00317460317460317
"Vogue","pushing",1,315,0.00317460317460317
"Vogue","queen",1,315,0.00317460317460317
"Vogue","queens",1,315,0.00317460317460317
"Vogue","queer",1,315,0.00317460317460317
"Vogue","rainbow",1,315,0.00317460317460317
"Vogue","raps",1,315,0.00317460317460317
"Vogue","raspberry",1,315,0.00317460317460317
"Vogue","ratajkowski’s",1,315,0.00317460317460317
"Vogue","real",1,315,0.00317460317460317
"Vogue","reality",1,315,0.00317460317460317
"Vogue","refresh",1,315,0.00317460317460317
"Vogue","reindeer",1,315,0.00317460317460317
"Vogue","reinhart",1,315,0.00317460317460317
"Vogue","reinhart's",1,315,0.00317460317460317
"Vogue","religious",1,315,0.00317460317460317
"Vogue","removes",1,315,0.00317460317460317
"Vogue","renta",1,315,0.00317460317460317
"Vogue","reveal",1,315,0.00317460317460317
"Vogue","rewrites",1,315,0.00317460317460317
"Vogue","rey",1,315,0.00317460317460317
"Vogue","rhobh's",1,315,0.00317460317460317
"Vogue","ride",1,315,0.00317460317460317
"Vogue","ridley",1,315,0.00317460317460317
"Vogue","rihanna's",1,315,0.00317460317460317
"Vogue","rio",1,315,0.00317460317460317
"Vogue","riverdale",1,315,0.00317460317460317
"Vogue","robbie’s",1,315,0.00317460317460317
"Vogue","rock",1,315,0.00317460317460317
"Vogue","rodney",1,315,0.00317460317460317
"Vogue","rodriguez",1,315,0.00317460317460317
"Vogue","rolls",1,315,0.00317460317460317
"Vogue","romance",1,315,0.00317460317460317
"Vogue","ross",1,315,0.00317460317460317
"Vogue","rothe's",1,315,0.00317460317460317
"Vogue","rousteing",1,315,0.00317460317460317
"Vogue","row",1,315,0.00317460317460317
"Vogue","ruth",1,315,0.00317460317460317
"Vogue","sandwich",1,315,0.00317460317460317
"Vogue","savage",1,315,0.00317460317460317
"Vogue","school",1,315,0.00317460317460317
"Vogue","schumer",1,315,0.00317460317460317
"Vogue","sciortino",1,315,0.00317460317460317
"Vogue","scott",1,315,0.00317460317460317
"Vogue","scott’s",1,315,0.00317460317460317
"Vogue","selfie",1,315,0.00317460317460317
"Vogue","selfies",1,315,0.00317460317460317
"Vogue","seoul",1,315,0.00317460317460317
"Vogue","september",1,315,0.00317460317460317
"Vogue","series",1,315,0.00317460317460317
"Vogue","sevigny",1,315,0.00317460317460317
"Vogue","sewn",1,315,0.00317460317460317
"Vogue","sex",1,315,0.00317460317460317
"Vogue","sexy",1,315,0.00317460317460317
"Vogue","shaking",1,315,0.00317460317460317
"Vogue","shawn",1,315,0.00317460317460317
"Vogue","shayk",1,315,0.00317460317460317
"Vogue","shayne",1,315,0.00317460317460317
"Vogue","shields",1,315,0.00317460317460317
"Vogue","shop",1,315,0.00317460317460317
"Vogue","shops",1,315,0.00317460317460317
"Vogue","singh",1,315,0.00317460317460317
"Vogue","singh's",1,315,0.00317460317460317
"Vogue","sistine",1,315,0.00317460317460317
"Vogue","sivan",1,315,0.00317460317460317
"Vogue","sivan’s",1,315,0.00317460317460317
"Vogue","slam",1,315,0.00317460317460317
"Vogue","smalls",1,315,0.00317460317460317
"Vogue","smoothie",1,315,0.00317460317460317
"Vogue","sober",1,315,0.00317460317460317
"Vogue","social",1,315,0.00317460317460317
"Vogue","soko’s",1,315,0.00317460317460317
"Vogue","solange",1,315,0.00317460317460317
"Vogue","soul",1,315,0.00317460317460317
"Vogue","sounds",1,315,0.00317460317460317
"Vogue","south",1,315,0.00317460317460317
"Vogue","southern",1,315,0.00317460317460317
"Vogue","spectacular",1,315,0.00317460317460317
"Vogue","sporty",1,315,0.00317460317460317
"Vogue","spring",1,315,0.00317460317460317
"Vogue","springs",1,315,0.00317460317460317
"Vogue","sri",1,315,0.00317460317460317
"Vogue","staying",1,315,0.00317460317460317
"Vogue","stick",1,315,0.00317460317460317
"Vogue","streep",1,315,0.00317460317460317
"Vogue","street",1,315,0.00317460317460317
"Vogue","sudanese",1,315,0.00317460317460317
"Vogue","sui's",1,315,0.00317460317460317
"Vogue","suki",1,315,0.00317460317460317
"Vogue","sun",1,315,0.00317460317460317
"Vogue","sunflower",1,315,0.00317460317460317
"Vogue","supermodel’s",1,315,0.00317460317460317
"Vogue","supermodels",1,315,0.00317460317460317
"Vogue","superstars",1,315,0.00317460317460317
"Vogue","surprise",1,315,0.00317460317460317
"Vogue","survival",1,315,0.00317460317460317
"Vogue","survive",1,315,0.00317460317460317
"Vogue","sustainable",1,315,0.00317460317460317
"Vogue","swap",1,315,0.00317460317460317
"Vogue","swift",1,315,0.00317460317460317
"Vogue","sxsw",1,315,0.00317460317460317
"Vogue","taco",1,315,0.00317460317460317
"Vogue","tale",1,315,0.00317460317460317
"Vogue","taylor’s",1,315,0.00317460317460317
"Vogue","tears",1,315,0.00317460317460317
"Vogue","tempting",1,315,0.00317460317460317
"Vogue","themes",1,315,0.00317460317460317
"Vogue","thomas",1,315,0.00317460317460317
"Vogue","thorne",1,315,0.00317460317460317
"Vogue","thrones",1,315,0.00317460317460317
"Vogue","throwback",1,315,0.00317460317460317
"Vogue","throwing",1,315,0.00317460317460317
"Vogue","tiffany",1,315,0.00317460317460317
"Vogue","tinashe",1,315,0.00317460317460317
"Vogue","tipper",1,315,0.00317460317460317
"Vogue","tommy",1,315,0.00317460317460317
"Vogue","tone",1,315,0.00317460317460317
"Vogue","tough",1,315,0.00317460317460317
"Vogue","townhouse",1,315,0.00317460317460317
"Vogue","tracee",1,315,0.00317460317460317
"Vogue","train",1,315,0.00317460317460317
"Vogue","transatlantic",1,315,0.00317460317460317
"Vogue","trapped",1,315,0.00317460317460317
"Vogue","trends",1,315,0.00317460317460317
"Vogue","tricks",1,315,0.00317460317460317
"Vogue","twinning",1,315,0.00317460317460317
"Vogue","uchis",1,315,0.00317460317460317
"Vogue","unexpected",1,315,0.00317460317460317
"Vogue","unfiltered",1,315,0.00317460317460317
"Vogue","unidentified",1,315,0.00317460317460317
"Vogue","unironically",1,315,0.00317460317460317
"Vogue","unlike",1,315,0.00317460317460317
"Vogue","ups",1,315,0.00317460317460317
"Vogue","upton",1,315,0.00317460317460317
"Vogue","valentina",1,315,0.00317460317460317
"Vogue","valletta",1,315,0.00317460317460317
"Vogue","van",1,315,0.00317460317460317
"Vogue","vegemite",1,315,0.00317460317460317
"Vogue","veil",1,315,0.00317460317460317
"Vogue","venus",1,315,0.00317460317460317
"Vogue","verse",1,315,0.00317460317460317
"Vogue","victoria's",1,315,0.00317460317460317
"Vogue","video",1,315,0.00317460317460317
"Vogue","vikander",1,315,0.00317460317460317
"Vogue","vinaite",1,315,0.00317460317460317
"Vogue","visits",1,315,0.00317460317460317
"Vogue","vodianova",1,315,0.00317460317460317
"Vogue","vogueing",1,315,0.00317460317460317
"Vogue","waithe",1,315,0.00317460317460317
"Vogue","wall",1,315,0.00317460317460317
"Vogue","wang",1,315,0.00317460317460317
"Vogue","wang's",1,315,0.00317460317460317
"Vogue","wang’s",1,315,0.00317460317460317
"Vogue","watanabe’s",1,315,0.00317460317460317
"Vogue","waterhouse’s",1,315,0.00317460317460317
"Vogue","wave",1,315,0.00317460317460317
"Vogue","west’s",1,315,0.00317460317460317
"Vogue","westminster",1,315,0.00317460317460317
"Vogue","what’s",1,315,0.00317460317460317
"Vogue","whirlwind",1,315,0.00317460317460317
"Vogue","white",1,315,0.00317460317460317
"Vogue","whiteley's",1,315,0.00317460317460317
"Vogue","williams’s",1,315,0.00317460317460317
"Vogue","willow",1,315,0.00317460317460317
"Vogue","wings",1,315,0.00317460317460317
"Vogue","wiz",1,315,0.00317460317460317
"Vogue","wolf",1,315,0.00317460317460317
"Vogue","woman",1,315,0.00317460317460317
"Vogue","woods",1,315,0.00317460317460317
"Vogue","woods’s",1,315,0.00317460317460317
"Vogue","workin",1,315,0.00317460317460317
"Vogue","world",1,315,0.00317460317460317
"Vogue","wrestler",1,315,0.00317460317460317
"Vogue","xavier",1,315,0.00317460317460317
"Vogue","yael",1,315,0.00317460317460317
"Vogue","yanis",1,315,0.00317460317460317
"Vogue","yeezy",1,315,0.00317460317460317
"Vogue","zoolander",1,315,0.00317460317460317
"VS","101",1,148,0.00675675675675676
"VS","17",1,148,0.00675675675675676
"VS","2u",1,148,0.00675675675675676
"VS","60",1,148,0.00675675675675676
"VS","action",1,148,0.00675675675675676
"VS","affair",1,148,0.00675675675675676
"VS","aldridge",1,148,0.00675675675675676
"VS","aldridge’s",1,148,0.00675675675675676
"VS","ale",1,148,0.00675675675675676
"VS","ambrosio",1,148,0.00675675675675676
"VS","ambrosio’s",1,148,0.00675675675675676
"VS","amman",1,148,0.00675675675675676
"VS","annual",1,148,0.00675675675675676
"VS","artisans",1,148,0.00675675675675676
"VS","award",1,148,0.00675675675675676
"VS","baby",1,148,0.00675675675675676
"VS","backstage",1,148,0.00675675675675676
"VS","balmain’s",1,148,0.00675675675675676
"VS","bella",1,148,0.00675675675675676
"VS","bieber",1,148,0.00675675675675676
"VS","bling",1,148,0.00675675675675676
"VS","bralettes",1,148,0.00675675675675676
"VS","bras",1,148,0.00675675675675676
"VS","butt",1,148,0.00675675675675676
"VS","candice",1,148,0.00675675675675676
"VS","castings",1,148,0.00675675675675676
"VS","class",1,148,0.00675675675675676
"VS","classical",1,148,0.00675675675675676
"VS","cotton",1,148,0.00675675675675676
"VS","countdown",1,148,0.00675675675675676
"VS","creating",1,148,0.00675675675675676
"VS","crush",1,148,0.00675675675675676
"VS","cut",1,148,0.00675675675675676
"VS","dance",1,148,0.00675675675675676
"VS","dare",1,148,0.00675675675675676
"VS","david",1,148,0.00675675675675676
"VS","day",1,148,0.00675675675675676
"VS","de",1,148,0.00675675675675676
"VS","deal",1,148,0.00675675675675676
"VS","destination",1,148,0.00675675675675676
"VS","dublin",1,148,0.00675675675675676
"VS","festival",1,148,0.00675675675675676
"VS","fittings",1,148,0.00675675675675676
"VS","flexibility",1,148,0.00675675675675676
"VS","focus",1,148,0.00675675675675676
"VS","football",1,148,0.00675675675675676
"VS","form",1,148,0.00675675675675676
"VS","global",1,148,0.00675675675675676
"VS","guetta",1,148,0.00675675675675676
"VS","hadid",1,148,0.00675675675675676
"VS","hair",1,148,0.00675675675675676
"VS","healthy",1,148,0.00675675675675676
"VS","here’s",1,148,0.00675675675675676
"VS","hill’s",1,148,0.00675675675675676
"VS","hosk’s",1,148,0.00675675675675676
"VS","hunt’s",1,148,0.00675675675675676
"VS","improve",1,148,0.00675675675675676
"VS","intel",1,148,0.00675675675675676
"VS","intense",1,148,0.00675675675675676
"VS","introducing",1,148,0.00675675675675676
"VS","it’s",1,148,0.00675675675675676
"VS","joins",1,148,0.00675675675675676
"VS","joja",1,148,0.00675675675675676
"VS","justin",1,148,0.00675675675675676
"VS","lais",1,148,0.00675675675675676
"VS","land",1,148,0.00675675675675676
"VS","launch",1,148,0.00675675675675676
"VS","lima",1,148,0.00675675675675676
"VS","lima’s",1,148,0.00675675675675676
"VS","lip",1,148,0.00675675675675676
"VS","madison",1,148,0.00675675675675676
"VS","major",1,148,0.00675675675675676
"VS","makeup",1,148,0.00675675675675676
"VS","march",1,148,0.00675675675675676
"VS","master",1,148,0.00675675675675676
"VS","max",1,148,0.00675675675675676
"VS","maxwell",1,148,0.00675675675675676
"VS","means",1,148,0.00675675675675676
"VS","meet",1,148,0.00675675675675676
"VS","mind",1,148,0.00675675675675676
"VS","mist",1,148,0.00675675675675676
"VS","models",1,148,0.00675675675675676
"VS","music",1,148,0.00675675675675676
"VS","newman",1,148,0.00675675675675676
"VS","news",1,148,0.00675675675675676
"VS","nights",1,148,0.00675675675675676
"VS","nominated",1,148,0.00675675675675676
"VS","obsessed",1,148,0.00675675675675676
"VS","official",1,148,0.00675675675675676
"VS","opera",1,148,0.00675675675675676
"VS","party",1,148,0.00675675675675676
"VS","play",1,148,0.00675675675675676
"VS","plunge",1,148,0.00675675675675676
"VS","poland",1,148,0.00675675675675676
"VS","private",1,148,0.00675675675675676
"VS","promo",1,148,0.00675675675675676
"VS","push",1,148,0.00675675675675676
"VS","quiz",1,148,0.00675675675675676
"VS","restore",1,148,0.00675675675675676
"VS","russia",1,148,0.00675675675675676
"VS","sadie",1,148,0.00675675675675676
"VS","sale",1,148,0.00675675675675676
"VS","sampaio",1,148,0.00675675675675676
"VS","sampaio’s",1,148,0.00675675675675676
"VS","santa",1,148,0.00675675675675676
"VS","sara’s",1,148,0.00675675675675676
"VS","scenes",1,148,0.00675675675675676
"VS","score",1,148,0.00675675675675676
"VS","sculpture",1,148,0.00675675675675676
"VS","semi",1,148,0.00675675675675676
"VS","shanghai",1,148,0.00675675675675676
"VS","shortie",1,148,0.00675675675675676
"VS","showtime",1,148,0.00675675675675676
"VS","skriver’s",1,148,0.00675675675675676
"VS","social",1,148,0.00675675675675676
"VS","spirit",1,148,0.00675675675675676
"VS","spring",1,148,0.00675675675675676
"VS","start",1,148,0.00675675675675676
"VS","stella",1,148,0.00675675675675676
"VS","stories",1,148,0.00675675675675676
"VS","strapless",1,148,0.00675675675675676
"VS","stream",1,148,0.00675675675675676
"VS","stress",1,148,0.00675675675675676
"VS","swanepoel",1,148,0.00675675675675676
"VS","sync",1,148,0.00675675675675676
"VS","time",1,148,0.00675675675675676
"VS","trailer",1,148,0.00675675675675676
"VS","utendahl",1,148,0.00675675675675676
"VS","verite",1,148,0.00675675675675676
"VS","video",1,148,0.00675675675675676
"VS","vote",1,148,0.00675675675675676
"VS","wax",1,148,0.00675675675675676
"VS","xo",1,148,0.00675675675675676
